Basque (eu),Spanish (es),Traduccion
"Henry Jeckyll, medikua idealista eta filantropoa.",- El Dr. Henry Jekyll - También idealista y filántropo.,"Henry Jeckyll, médico idealista y filántropo."
Jeckyll progresista den bezain kontserbadorea da Richard Lanyon medikua.,- El Dr. Richard Lanyon - Tan conservador en su profesión como progresista el Dr. Jekyll.,El doctor Richard Lanyon es tan conservador como Jeckyll es progresista.
"""Jeckyll Medikuak sentitzen du afarira ez garaiz iritsi izana.","""El Dr. Jekyll siente no poder llegar a tiempo para la cena. Se unirá a nosotros más tarde.""",El Doctor Jeckyll siente no haber llegado a tiempo a la cena.
"Bere teoria irudikatzeko, Sir George-ek Jeckyll medikua leku horretara eraman du.",Sir George lleva al Dr. Jekyll a ese lugar para ilustrar todo lo que le dijo durante la cena.,"Para ilustrar su teoría, Sir George ha llevado al doctor Jeckyll a ese lugar."
"Menperatzen duen poderearen kontrako oldar batean, bere arimari buruz galdekatzen da Jeckyll medikua.","En una repentina repulsión contra el poder que sentía que lo arrastraba hacia abajo, el Dr. Jekyll entregó su alma como garantía.","En un arrebato contra el poder que lo domina, el doctor Jeckyll se cuestiona sobre su alma."
"Garai batez, Hyde-en gutizia ilunei aurre egiten lortu zuen Jeckyll medikuak bainan egun batez luzaroegi preso egondako deabrua inoiz baino basatiago askatu zen.","Durante algún tiempo, el Dr. Jekyll renunció a las oscuras indulgencias de Hyde, hasta que en una hora de debilidad, el demonio que había permanecido oculto resurgió más malvado que antes.","Durante un tiempo, el doctor Jekyll logró hacer frente a los oscuros deseos de Hyde, pero un día el demonio que había estado preso demasiado tiempo se liberó más salvaje que nunca."
"""Jeckyll medikua ez dut gehiago ikusten eta bere berririk ez dut. Zerbait gertatu ote zaio edo nitaz ez du gehiago axolarik?""","""Hace días que no sé nada del Dr. Jekyll. ¿Ha pasado algo o has dejado de importarle?""",No veo más al doctor Jekyll y no tengo noticias de él. ¿Le habrá pasado algo o ya no le importo?
"Hurrengo goizean, Jeckyll medikuaren desagertze misteriotsuaren aztertzera doa Sir George.","A la mañana siguiente, Sir George fue a averiguar la causa de la misteriosa ausencia del Dr. Jekyll.","A la mañana siguiente, Sir George va a investigar la misteriosa desaparición del Doctor Jeckyll."
"""Hyde Jauna da laborategiko giltza duen beste pertsona bakarra eta nahi bezala mugitzen uztea agindu du Jeckyll Medikuak.""","""La única persona que tiene llave del laboratorio es el Sr. Hyde, señor. Él me dijo que ese hombre podía entrar y salir cuando lo desease.""","El Señor Hyde es la única otra persona que tiene la llave del laboratorio, y el Doctor Jekyll ha ordenado que se le permita moverse a su antojo."
"Desesperaturik, Millicent-ek Lanyon medikua deitzen du.","Desesperada, Millicent acudió al Dr. Lanyon.","Desesperada, Millicent llama al doctor Lanyon."
"""Jeckyll medikuak ainitz kezkatzen nau.","""Estoy muy preocupada por el Dr. Jekyll.",El doctor Jeckyll me preocupa mucho.
"""Hyde-ek Jeckyll medikua akatu du!""","""Hyde ha matado al Dr. Jekyll.""",¡Hyde ha matado al doctor Jeckyll!
"""Abisatu medikua!""",¡Debe llevarle al médico!,¡Avisa al médico!
Auzoko medikua.,El médico rural.,El médico del barrio.
Lepoko hau nola erabiltzen zen esan digu Paul Regnard frantses medikuak.,El doctor francés Paul Regnard describe cómo se usa el collar.,El médico francés Paul Regnard nos ha dicho cómo se usaba este collar.
"""Inurriak, euliak eta intsektuak jan, eta odola ateratzen die"". ""Medikuak txundituta dauzka"".","Su ansia por devorar hormigas, moscas y otros pequeños insectos para obtener su sangre, desconcierta a los médicos.","Come hormigas, moscas e insectos, y les saca la sangre. Tiene asombrados a los médicos."
"Bakarrik ari naiz esaten gizon hau gaixorik dagoela, eta gaixoak ez dira borreroarengana eramaten, medikuarenera baino..",Quiero decir que este hombre está enfermo. Un hombre enfermo no debería ser ejecutado. - ¡Debería ser entregado a los médicos!,"Solo estoy diciendo que este hombre está enfermo, y los enfermos no se llevan al verdugo, sino al médico."
Hobe luke Kleok medikuari esatea zer bota zion bart ardoari.,Será mejor que obligues a Cleo a decirle al médico lo que le puso en el vino anoche.,Cleo debería decirle al médico qué le echó al vino anoche.
Medikuak nekatzea debekatu dizu.,El médico le ha prohibido cansarse.,El médico te ha prohibido cansarte.
"""Jack, maitea, medikuarenean izan naiz eta orain Manderleyra noa.","""Querido Jack... Acabo de ver al médico y me voy corriendo a Manderley.","Jack, querido, he estado en el médico y ahora voy a Manderley."
"Danny, nor zen Rebeccaren medikua?",¿Quién era el médico de Rebecca?,"Danny, ¿quién era el médico de Rebeca?"
Baina Londresen zuen medikua nor zen?,Pero sabes que me refiero al médico de Rebecca en Londres.,"Pero, ¿quién era su médico en Londres?"
Deitu diozue medikuari?,¿Han llamado al médico?,¿Han llamado al médico?
- Nik medikuari ordaindu behar diot.,- Yo tengo que pagar al médico.,Tengo que pagar al médico.
- Medikuak dio hotza hartu duela.,- El médico dice que es un resfriado.,El médico dice que ha cogido frío.
- Medikuak?,- ¿El médico?,¿Los médicos?
Medikuak esan du ondo egongo dela Natibitate eguneko bazkarirako.,El médico dijo que estará bien para la comida de Navidad.,El médico ha dicho que estará bien para la comida de Navidad.
- Bere aholkulari medikua nintzen.,- Yo era su médico.,Yo era su asesor médico.
FILMEAN AZALDUTAKO GERTAKARI MEDIKUAK EGIAZKOAK DIRA.,"LOS HECHOS médicos EXPUESTOS EN LA PELÍCULA SON verídicos. ""TOXlNA luminosa"" ES EL término descriptivo",Los hechos médicos descritos en la película son verdaderos.
- Medikuak gomendatu zuen.,- Lo sugirió el médico.,El médico recomendó.
Madamen medikuak.,El médico de madam.,Los médicos de la señora
Medikua da hemen.,El médico está aquí.,El médico está aquí.
Medikuak ahaleginik ez egiteko esan dizu.,Recuerda que el médico te prohibió cualquier esfuerzo.,El médico te ha dicho que no hagas ningún esfuerzo.
Ez plazaratu medikuaren txostena 24 ordu barru arte.,Retenga el parte médico durante 24 horas.,No publiques el informe del médico hasta dentro de 24 horas.
Medikuak eman zidan.,Me lo dio el doctor.,El médico me lo dio.
Medikuak uste du hotzeria psikologiko bat izan daitekeela.,El doctor piensa que posiblemente la causa de mi resfrío sea la psicología.,El médico cree que podría ser un resfriado psicológico.
Bereziki gogorra da medikua bazara... eta zuk jakin dakizu txarto dagoela.,Es particularmente duro cuando usted es médico.... Y usted sabe qué estaba mal con él.,Es especialmente duro si eres médico... y tú mismo sabes que está mal.
"Entzun, landa medikua naiz, baina zenbait gauza badakizkit.","Escucha, soy sólo un médico rural, pero algunas cosas sé.","Escucha, soy un médico rural, pero sé algunas cosas."
Edo salatu dezadan nahi duzu herriko medikua asaldatzearren?,¿O quieres que le levante cargos por perturbar al doctor del pueblo?,¿O quieres que le denuncie por molestar al médico del pueblo?
...uxe da medikua izatearen eragozpenetako bat.,Ésa es una de las desgracias de ser médico.,Esa es una de las desventajas de ser médico.
"Esan nion joateko medikuarenera, baina ez du egingo ezer...","Le pedí que viera a un médico, pero no hará nada...","Le dije que fuera al médico, pero no hará nada..."
Bihar medikuarengana joango gara.,Mañana iremos a ver al médico.,Mañana iremos al médico.
"Medikua naizenez, zinez diotsut oker zaudela.","Como médico, puedo asegurarle que se equivoca.","Como soy médico, sinceramente te digo que estás equivocado."
"Erantzuidazu, Rosalie. Medikuak dio urduri dagoela.",El médico dice que está inquieto.,"Respóndeme, Rosalie. El médico dice que está nerviosa."
Poliziako medikuak zabarrak dira.,"Ya conoces a los médicos de la policía, no tienen estilo.",Los médicos de la policía son negligentes.
Medikuak esan zidan beste kolpe emozional batek senda dezakeela. Eta hori ere ez da ziurra.,"Le pregunté al médico y me dijo que sólo otro impacto emocional te la quitaría, y tampoco es seguro.",El médico me dijo que otro golpe emocional puede sanarme. Y eso tampoco es seguro.
"Psikiatrarengana eramateko esango nizuke, neurologo batengana, are kabezerako medikuarengana.","Te diría que la llevases al psiquiatra, al psicólogo, al neurólogo más cercano, o incluso al médico de cabecera.","Te aconsejaría que lo llevaras a un psiquiatra, a un neurólogo, incluso al médico de cabecera."
Jakin behar dut nora doan eta zer egiten duen medikuarengana joan aurretik.,"Tengo que saber adónde va y qué hace, antes de acudir a un médico.",Necesito saber adónde va y qué hace antes de ir al médico.
Medikuak dio gaizki dagoela.,El doctor dice que se encuentra mal.,El médico dice que está mal.
"Lasaiago dago orain, medikua dela medio.",Está más tranquila ahora que la vio un médico.,"Está más tranquilo ahora, gracias al médico."
"Medikuak esan du, ezta, Jeanne?",Te levantarás en unos días. Lo dijo el doctor.,"El médico lo ha dicho, ¿verdad, Jeanne?"
Medikua da.,Un Doctor.,Es médico/a.
-Nor da bere medikua?,- ¿El doctor que la atiende?,¿Quién es su médico?
Medikuak bukatu du azterketa. Eta zurekin egon nahi du.,"El forense ha teminado su reconocimiento, y quiere hablar con usted.",El médico ha terminado el examen. Y quiere estar contigo.
"-Lasai, medikua naiz. -Hara!","-No se preocupe, soy médico.","-Cálmate, soy médico.
-¡Vaya!"
Medikuak eta emakumeak!,Sí. ¡Médicos y mujeres!,¡Médicos y mujeres!
- Etxeko medikua!,- Personal.,¡El médico de la casa!
Ez. Medikuak esan zidan txarra zela nire termostatoarentzat.,El doctor dijo que era perjudicial para mi termostato.,No. El médico me dijo que era malo para mi termostato.
"Medikua naiz, utzi pasatzen.","Soy médico, déjenme pasar.","Soy médico, déjame pasar."
Medikuaren esana zehatz bete eta une oroz zaindu ezazue.,"Sigan las instrucciones de la carta del doctor, y no lo descuiden ni por un momento.",Cumplan al pie de la letra lo dicho por el médico y cuídense en todo momento.
Hahi duzu medikuari abisatzea?,¿Quieren que llame a un médico?,¿Quieres avisar al médico?
Uda itsas ertzean lasai pasatzeko medikuak esan dit.,'El médico me ha recomendado un verano tranquilo en la playa,El médico me ha dicho que pase el verano tranquilamente en la costa.
"Horrela jarraitzen baduzu, medikuarengana joan beharko duzu.","Si esto sigue así, tendrá que ir al médico. Sí.","Si sigues así, tendrás que ir al médico."
- Medikuari deituko diot.,- Llamaré al doctor.,Llamaré al médico.
"Medikuari deituz gero, abisua emango du. Hori da nahi duzuna?","Si llamas a un doctor, la denunciará. ¿Quieres eso?","Si llamas al médico, dará el aviso. ¿Eso es lo que quieres?"
Ez deitu medikuari inolaz ere.,No debes llamar a un doctor bajo ninguna circunstancia.,No llames al médico bajo ningún concepto.
- Medikuari deitu behar izan nion.,Llamé a un doctor. Tuve que hacerlo.,Tuve que llamar al médico.
Eskualdeko medikuari deitu behar izan zuen.,Debió llamar al médico de la zona.,Tuvo que llamar al médico regional.
- Non da medikua?,- ¿Dónde está el médico?,¿Dónde está el médico?
Erreskate postuetan medikuak dituztela esan du.,El dijo que los puestos de rescate tienen médicos.,Ha dicho que tienen médicos en los puestos de rescate.
Gogorarazten dizuet medikua aztia ere badela.,"Les recuerdo que un médico, es también un hechicero.",Os recuerdo que el médico también es un mago.
Medikua ongilea da.,El médico es un benefactor.,El médico es el benefactor.
Medikua zara!,¡Es médico!,¡Eres médico!
Hobe duzu medikuarengana joan.,"Ve al médico, que es lo mejor.",Es mejor que vayas al médico.
Zoaz medikuarengana!,"¡Ve al doctor, ve!",¡Ve al médico!
Zoaz medikuarengana.,Tendrás que ver a un médico.,Ve al médico.
"Medikuak esan zidan neumonia zela geroago hil baitzen, gripe-izurri betean.","El doctor dijo fue neumonía pues sucedió meses después, durante una epidemia.","El médico me dijo que era neumonía, ya que murió después, en plena epidemia de gripe."
Susmagarriari medikuaren eta abokatuaren laguntza ukatzeko?,¿Negar atención médica y abogado? ¿Dónde ha estado?,¿Negar al sospechoso la ayuda del médico y del abogado?
"Zerbait sartu nuen lehen aldian... Infekzioa izan nuen, eta kanpamenduko medikuak atera behar izan zidan.","La primera vez que me metí uno... se me infectó tanto, que me lo tuvo que sacar el médico del campamento.","La primera vez que metí algo... Tuve una infección, y el médico del campamento tuvo que sacármelo."
X izpien medikua preso bat da izatez... Hindua edo horrelako zerbait.,El médico de rayos X es un convicto-- una especie de hindú o algo.,"El médico de rayos X es un preso, en realidad... hindú o algo así."
Medikua umea zaintzen ari da.,Está recibiendo atención médica.,El médico está cuidando al niño.
Lo gehitxo egiten duela suposatzen dut... baina medikuak dio hori normala dela gertatu zena ikusita.,"Bueno, ella duerme demasiado, supongo, pero el doctor dijo que es normal después de todo esto.",Supongo que duerme demasiado... pero el médico dice que eso es normal visto lo que pasó.
"Batzu abokatuak dira, besteak medikuak.","Un tipo es abogado, otro tipo es doctor.","Algunos son abogados, otros médicos."
"Gero, medikuak esan bezala, ale bana bidali nien 4 editoreri.","Como me aconsejó el Dr. Bicard, envié ejemplares a cuatro editoriales parisinas.","Luego, como dijo el médico, les envié un ejemplar a cada uno de los cuatro editores."
Medikuak esan dizu ez mugitzeko.,El doctor dice que no debe moverse.,El médico te ha dicho que no te muevas.
Joan dadila medikuarengana etxeratzean. Egia.,- Puede ver a un médico cuando lleguemos.,Que vaya al médico cuando vuelva a casa. Es verdad.
"Ziurtatu medikuak agiri bat ematen dizula, aditu?",Asegúrate de ir al médico por un certificado. ¿Me oyes?,"Asegúrate de que el médico te dé un documento, ¿entendido?"
Medikuak esan dit golf-zorroak astean bitan eramateko.,Mi doctor sugirió que cargara bolsas todas las semanas.,El médico me ha dicho que lleve las bolsas de golf dos veces a la semana.
Medikuaren zereginak!,Llaman al doctor.,¡Las tareas del médico!
"Ez kezkatu honengatik, medikuak errezetatu du eta.",No le haga caso. Lo recetó el doctor.,"No te preocupes por esto, el médico lo ha recetado."
"Hauxe da medikua, bere emaztea...",Este es el doctor y su esposa.,"Este es el médico, su esposa..."
"Uste duzu ""beharbada"" eraman beharko genukeela medikuarenera?","¿Crees que ""quizás"" habría que llevarlo al médico?",¿Crees que quizás deberíamos llevarle al médico?
Nire anaia medikua da.,Mi hermano es médico. Una eminencia en su campo.,Mi hermano es médico.
Medikuarekin egon naiz eta dena konponduta dago.,He visto al médico... todo está arreglado.,He estado con el médico y todo está arreglado.
"Berandu itzultzen direnak, txosten medikua ekarrita ere, zigortu eta espetxe itxi batera joango da.","Ningún informe médico será válido. Todo retraso, incluso provisto de un informe, será castigado con el reenvío a la prisión vigilada. Para vuestra información.","Los que regresen tarde, aun presentando un informe médico, serán castigados e irán a una prisión cerrada."
"Begira, Mehmet; gaixo batek medikuaren laguntza nahi badu zintzo eta argi jokatu behar du berarekin.","- Mira Mehmet, si un enfermo quiere que su médico le sea útil, debe ser honrado y claro con él.","Mira, Mehmet; si un paciente quiere la ayuda del médico, debe actuar con él de forma sincera y clara."
"Berandu itzultzen direnak, txosten medikua ekarrita ere, zigortu eta espetxe itxi batera joango da.","Ningún informe médico será válido. Cualquier retraso, incluso provisto de un informe, será castigado con el envío a la prisión vigilada.","Los que regresen tarde, aunque traigan un informe médico, serán castigados e irán a una prisión cerrada."
Medikuak dio haize pixka bat hartu behar duela.,El médico dijo que debe tomar un poco de aire.,El médico dice que debe tomar un poco de aire.
Gure medikua banan-banan aztertzen ari da.,El médico los está revisando uno por uno.,Nuestro médico está examinando uno por uno.
-Medikuarengana joan zara?,lo sé. Me pareció de repente.,¿Has ido al médico?
Medikuak hori esan dit. Eta hortaz?,- ¿Está seguro?,El médico me ha dicho eso. ¿Y de eso qué?
Ez. Medikuak esan dit ez dela Maxen errua.,"No, el doctor dice que no era culpa de Max.",No. El médico me ha dicho que no es culpa de Max.
Uste dut medikuak laster etxera joaten utziko diola.,"Sí, el doctor dijo que pronto podrá salir del hospital.",Creo que el médico pronto le dejará ir a casa.
"Amaren medikuak bidali du, ospitaletik.",Contáctese conmigo...,"El médico de la madre lo ha enviado, desde el hospital."
Lauraren medikua izan nintzen.,Laura era mi paciente. Van a la morgue.,Fui el médico de Laura.
"Leland, zuk egin behar duzuna da medikuaren aginduak jarraitu. Atsedena komeni zaizu. Baina barruko grina hau...",Lo mejor que puedes hacer es seguir las instrucciones del médico.,"Leland, lo que tienes que hacer es seguir las órdenes del médico. Te conviene el descanso. Pero esta pasión interior..."
"Baina pentsa, estatuko zergak, udalekoak, ekipamendua, kostu medikuak, mantenua, administrazio-zergak... Tira, ikusten duzu.","Hay impuestos locales y estatales, gastos de equipamiento médicos y de mantenimiento, tasas administrativas y ya veis los resultados.","Pero piensa, los impuestos estatales, los municipales, el equipamiento, los costes médicos, el mantenimiento, los impuestos administrativos... Bueno, ya ves."
"Zure medikua naiz, Andy.","Yo soy tu médico, Andy.","Soy tu médico, Andy."
- Eta deitu medikua.,- Y llame a un médico.,Y llama al médico.
Deitu duzu medikua?,¿Ha llamado al médico?,¿Has llamado al médico?
Medikua?,¿AI médico?,¿El médico?
Medikua beharko duzu.,Necesitará usted atención médica.,Necesitarás al médico.
"Beraz, hemendik azkar irten nahi baduzu, Bobby-ri zure medikua izaten utzi beharko diozu.",Así que si quieres salir de aquí pronto tendrás que dejar que Bobby sea tu médico.,"Así que, si quieres salir de aquí rápido, tendrás que dejar que Bobby sea tu médico."
"Zure medikua naizenez, Leland, zer gertatu zaio zure ileari?","Bueno, como médico tuyo, Leland ¿qué diablos le ha ocurrido a tu pelo?","Como soy tu médico, Leland, ¿qué le pasó a tu pelo?"
Ez zait inporta medikuak zer dioen.,No me importa lo que dice el doctor.,No me importa lo que dice el médico.
Medikuak dio abestu egin behar dizudala.,El doctor dice que debo cantarte.,El médico dice que tengo que cantarte.
- Medikua da Bob zure laguna?,- ¿Su amigo Bob es doctor?,¿Es tu amigo Bob médico?
"Aita, medikua, erditzean egon zen.","Mi padre, que es médico, asistió el parto.","El padre, el médico, estuvo en el parto."
- Medikua zara?,¿Eres médico?,¿Eres médico?
Shellyk Hayward medikuarenera eraman du haren entzumen arazoa aztertzeko.,Shelly Io llevó al doctor Hayward para que revisara su oído.,Shelly llevó a alguien al doctor Hayward para examinar su problema de audición.
"Noski, medikuaren gastu guztiak ordainduko ditugu.","Por supuesto, pagaremos cualquier gasto médico.","Por supuesto, pagaremos todos los gastos del médico."
"Nire ama hain aztoratua zegoenez, medikuak ez zuen ausardiarik izan tomate kutsatu batek haurdun utzi zuela esateko.",Ante la histeria de mi madre... el doctor no tuvo valor... para decirle que estaba embarazada... de un tomate contaminado.,Mi madre estaba tan alterada que el médico no tuvo el valor de decirle que un tomate contaminado la había dejado embarazada.
"Medikuak hitzegitean, erantzun.","Cuando te hable la doctora, contesta.","Cuando el médico hable, responde."
Medikua al zara?,¿Eres un médico?,¿Eres médico?
"Topalekura zaramatzat, Joek mediku bat bilatuko dizu medikuak sendatuko zaitu eta ondo egongo zara.","Te llevo al lugar del encuentro, Joe te va a buscar un médico... el médico te va a curar y... vas a estar bien.","Te llevo al punto de encuentro, Joe te buscará un médico, el médico te curará y estarás bien."
"Medikuak sendatzen ez badu, ziur hilko da.","Sin atención médica, morirá con seguridad.","Si el médico no lo cura, seguramente morirá."
"Deitu larrialdiak, abokatua, medikua, norbaiti!","Llamen a emergencias, una ambulancia, un abogado, un médico, lo que sea!","¡Llama a emergencias, al abogado, al médico, a alguien!"
Emakume batek ezin zion egiteari utzi. Medikuarengana doa.,Era una mujer que no paraba de toser y que va a ver al médico.,Una mujer no podía dejar de hacerlo. Va al médico.
Medikuak aztertu eta pilula ematen dio.,El médico la ausculta y le da una pastilla.,El médico examina y le da una pastilla.
Medikua bahitu du!,¡Tomó al doctor de rehén!,¡Ha secuestrado al médico!
"Ados; baina zure senarra medikua delako, eta erantzukizuna hartuz papera sinatu didalako.",Sólo porque su esposo es doctor y si él está de acuerdo en asumir toda la responsabilidad.,"De acuerdo; pero porque tu marido es médico, y porque, asumiendo la responsabilidad, me firmó el papel."
Deituko diot medikuari? Ez.,- ¿Llamo a un médico?,¿Le llamo al médico? No.
Medikuak dio hobeto zaudela eta etxera joan zaitezkeela.,Los médicos dicen que puedes irte a casa.,El médico dice que estás mejor y que puedes ir a casa.
Iritsi da auzitegiko medikua?,¿Ha venido el forense?,¿Ha llegado el médico forense?
Medikua!,Medic!,¡Médico!
Non dago medikua?,¿Puedo conseguir un médico?,¿Dónde está el médico?
Medikuak ez dizuete utziko.,Los médicos no los dejarán.,El médico no les dejará.
Ferrero medikuak barkamena eskatzen du.,El Dr. Ferrero pide que le disculpe.,El doctor Ferrero pide perdón.
Analisiak egin ditut eta medikuaren agiria dut. Ez dago batere zalantzarik: zure umea edukiko dut.,"Me hice una prueba, tengo los certificados  y no hay duda de que tendré tu bebé.",Me he hecho análisis y tengo el informe del médico. No hay ninguna duda: tendré a tu hijo/a.
Medikuak berehala ikusi behar du!,Mi amiga está aquí en coma. ¡Tenemos que ver a un médico ya!,¡El médico debe verlo inmediatamente!
"- Medikua orain ikus dezakegu, arren?",-¿Podemos ver a un médico ya?,"¿Podemos ver al médico ahora, por favor?"
Medikua oraintxe bertan behar dugu!,¡Mi amiga se va a morir aquí! ¡Necesitamos a un médico AHORA!,¡Necesitamos al médico ahora mismo!
"Entzun, medikua ikus behar dut.","Escuche, tengo que ver a un médico.","Escucha, tengo que ver al médico."
Medikua naiz.,soy médico.,Soy médico.
"Zu medikua zara, Holloway.",Tú eres médico.,"Tú eres médico, Holloway."
Zer motako medikua zara?,¿qué tipo de doctora eres?,¿Qué tipo de médico eres?
Nire medikuak dio hilean behin.,Mi doctor dice una vez por mes.,Mi médico dice una vez al mes.
Medikuak ohean gelditzeko esan du.,El doctor lo había prohibido.,El médico ha dicho que se quede en la cama.
-Ez al duzu medikua ikusi?,-¿No ha visto al doctor?,¿No has visto al médico?
Medikuaren fakturak,¡Las facturas del médico! ¿Tienes médico?,Las facturas del médico
Deitu medikuari.,Usted llame al médico.,Llama al médico.
Zer esan dizu medikuak?,¿Qué ha dicho el médico?,¿Qué te ha dicho el médico?
"Horrek salbatu zuen, gure kanpamenduko medikua 20 minutuko distantziara zegoelako.",Esto le salvó porque nuestro campamento con el médico estaba a una distancia de 20 minutos.,"Eso lo salvó, porque el médico de nuestro campamento estaba a 20 minutos de distancia."
"Medikuak atseden hartzeko esan zidan eta, beraz, ""Euriaren eta ilargiaren ipuina"" irakurri dut.","El doctor me contó el resto. Lo que lei fue, ""Historia de la lluvia y el viento"", incluyendo, ""Un juramento entre dos hombres"".","El médico me dijo que descansara y, por lo tanto, he leído ""El cuento de la lluvia y la luna""."
Medikua nitaz kezkatuta zegoen.,El doctor estaba preocupado por mí.,El médico estaba preocupado por mí.
Gajoa. Henske medikua ekarriko diot.,Le traeré al Dr. Henske.,Pobre. Le traeré al doctor Henske.
Henske medikuak ikusten bazaitu lasaiago egongo naiz.,Prefiero que la vea el Dr. Henske.,"Si el doctor Henske te ve, estaré más tranquilo."
Henske medikuarengana noa.,Voy por el Dr. Henske.,Voy al médico Henske.
Zatoz Henske medikua,Aquí está el Dr. Henske.,"Ven, doctora Henske"
Eraman nazazue medikuarengana.,Llevadme a un médico.,Llévenme al médico.
"Gero, medikuarengana.","Luego, al médico.","Luego, al médico."
"Medikuarengana, gero.","Al médico, luego.","Al médico, luego."
Medikuarenera joan beharko zenuke.,Deberías ver un doctor.,Deberías ir al médico.
Medikuak esan zigun.,Nos lo dijo el doctor.,El médico nos dijo.
"Baina harreman fisiko bakarra, azterketa medikua duenean izaten da.",Pero sólo tienen contacto físico durante el examen médico mensual.,Pero el único contacto físico es cuando tiene un reconocimiento médico.
Kevorkian medikuari deitu.,Llama al Dr. Muerte.,Llama al doctor Kevorkian.
Medikua naiz.,"Willy, soy el doctor.",Soy médico.
Arren zoaz medikuarengana.,"Por favor, ve al médico.","Por favor, ve al médico."
Medikuarenean izan al zara?,¿Has ido al médico?,¿Has estado en el médico?
"Eta medikuak esaten dio: ""Ba ez egin.""","El doctor le contesta: ""No lo haga"".","Y el médico le dice: ""Pues no lo hagas."""
Ongi Medikuak sexu gehiago izan du aztertzen nik 6 hilabetetan baino.,¡El médico tuvo mejor sexo examinándola que yo en seis meses!,El buen doctor ha estado examinando más sexo que yo en 6 meses.
"""Irakasleak, medikuak, abokatuak hori baino gehiago gasta dezakeen jendea.",Es verdad.,"Profesores, médicos, abogados, gente que puede gastar más que eso."
"""Irakasleak, medikuak, abokatuak hori baino gehiago gasta dezakeen jendea. Gogoetan egon nintzen:",Ya no creo mucho en nada.,"Maestros, médicos, abogados, gente que puede gastar más que eso. Estaba pensando:"
"Ez naiz medikua, ospitaleko administratzailea naiz bakarrik.","No soy médico, sólo el administrador del hospital.","No soy médico, solo soy administrador del hospital."
Medikua ikustera joango naiz gero. Atzera!,Veré a mi doctor. ¡Atrás!,Iré a ver al médico más tarde. ¡Atrás!
"- Hori medikuak ikus dezala, eta etxera joan.","- Ve al médico, vete a casa.",Que lo vea el médico y vete a casa.
- Medikua ordaindu beharko didazu.,- ¡Debe pagar nuestros gastos médicos!,Tendrás que pagarme al médico.
Medikua edo abokatua izateko aurrezten ari nintzen... ..baina munduko bakeak lehentasuna zeukan.,Estaba ahorrando para estudiar medicina o abogacía... pero se trataba de la paz mundial.,Estaba ahorrando para ser médico o abogado... pero la paz mundial tenía prioridad.
"Bai, iraniar kurdoa naiz, eta medikua.","Sí, soy kurdo iraní y médico.","Sí, soy kurdo iraní, y médico."
Medikuaren bila noa.,Voy a buscar al médico.,Voy a buscar al médico.
Kapsula medikua lortu oraintxe bertan.,Trae una cápsula médica inmediatamente.,Consigue la cápsula médica ahora mismo.
Diana Stanton medikuak izena aldatu zuen eta berria Delia Surride da.,La Dra. Diana Stanton se cambió el nombre a Delia Surridge.,La doctora Diana Stanton cambió su nombre y el nuevo es Delia Surride.
Medikuak ekar itzazue.,Traigan los médicos.,Traigan a los médicos.
Ez duzu nahi medikuak mandibula ikustea?,¡Ha de mirarse la mandíbula el médico!,¿No quieres que el médico te vea la mandíbula?
Medikuarengana joan behar genuke.,"Sí, ¿sabes qué? Tal vez deberíamos ir a un médico.",Deberíamos ir al médico.
Jonas Salk medikuak denbora guztia eman zuen tximinoen giltzurrunak urtzen polioa sendatuko zuen botika bat bilatzen.,Y el salario decente que ganaba como médico y profesor investigador alcanzaba para que viviera una vida cómoda. ¿Quién posee la patente de esta vacuna?,El doctor Jonas Salk dedicó todo el tiempo a disolver los riñones de los monos en busca de un medicamento que curara la polio.
"Ondo pentsatuta, erabaki zuten, ez zegoela ondo aurretik abisatu barik inor kaleratzea, oporraldi eta indemnizazioen ordainketak ukatzea, eta arreta medikuak kentzea.","No abandonen su hogar. ¿Porque saben qué? Cuando esas empresas dicen que tienen su hipoteca a menos que tengan un abogado que pueda poner su dedo en esa hipoteca, no la tienen y Uds. descubrirán que no pueden hallar el documento en Wall Street.","Tras pensarlo bien, decidieron que no estaba bien despedir a nadie sin avisar previamente, negar los pagos de vacaciones e indemnizaciones, y quitar la atención médica."
berrogeita hamar shock gehiagok ere ezerezean gurutzerantz eginiko erromesalditik zure arima gorputzera inoiz itzularaziko ez duten lekuan zurekin nago Rocklanden zure medikuak ergel zorotzat jo eta iraultza hebrear-sozialistaren azpijokoa,Donde cincuenta shocks más no te devolverán nunca... tu alma a su cuerpo... desde su peregrinaje a una cruz en el vacío. Estoy contigo en Rockland Donde acusas a tus doctores de locura... y planeas la revolución socialista Hebrea... contra el Gólgota nacional fascista,"Estoy contigo en Rockland, en el lugar donde ni cincuenta shocks más harán volver tu alma al cuerpo desde la peregrinación hecha en vano hacia la cruz, donde tu médico te ha considerado un tonto loco y la conspiración de la revolución hebreo-socialista."
zure medikuak ergel zorotzat jo eta iraultza hebrear-sozialistaren azpijokoa hausnartzen duzun lekuan Golgota nazional-faszistaren aurka zurekin nago Rocklanden,Donde acusas a tus doctores de locura... y planeas la revolución hebrea socialista... contra el Gólgota nacional fascista.,"En el lugar donde tu médico te considera un idiota loco y reflexionas sobre la conspiración hebreo-socialista, estoy contigo en Rockland contra el Gólgota nacional-fascista."
Medikuak esan dit kirol pixka bat egiteko.,El doctor me pidió hacer ejercicio.,El médico me ha dicho que haga un poco de deporte.
Nire adinean eta lehenengo erditzea izanda medikuak oso erne neuzkan.,"Al ser ya mayor y mi primer embarazo, los médicos estuvieron siempre alerta...","A mi edad y siendo mi primer parto, tenía a los médicos muy atentos."
Medikuak esan dit ondo nagoela.,Dice que estoy bien.,El médico me ha dicho que estoy bien.
"Medikuak esan bezala, Arta intentsiboetan dago.","Como dice el médico, está en cuidados intensivos.","Como dijo el médico, está en cuidados intensivos."
"Medikuak belarriak begiratu zizkidan, ez zen otitis bat.","El médico examinó mis oídos, no era una otitis.","El médico me revisó las orejas, no era otitis."
-Nire taldeko medikua da. -A bai?,- Es el sanitario en mi grupo.,"Es el médico de mi equipo.
¿Ah, sí?"
"Horrelako medikuak nahi nituzke, ospitalera joanez gero.","Me gustarían doctoras como esas, si tuviera que ir al hospital.","Me gustaría tener médicos así, si fuera al hospital."
Medikuak ahal duten guztia egiten ari dira.,Los doctores están haciendo todo lo posible.,Los médicos están haciendo todo lo que pueden.
Medikuarenetik etorri berri naiz berri zoragarriekin.,Estoy segura que acabo de volver del doctor con noticias que me cambiarán la vida.,Acabo de venir del médico con noticias maravillosas.
Hau da Berlingo medikuaren telefonoa.,"Este es el número de un Dr. Aquí en Berlín,",Este es el teléfono del médico de Berlín.
Ezin duzu eraman medikuak baimendu gabe.,"No puede llevarlo hasta, que no reciba confirmación.",No puedes llevarlo sin que el médico lo autorice.
Medikuak esan dit berehala elkartuko naizela biktima haiekin.,"Mis doctores me aseguraron que pronto, Me uniría a la lista de víctimas.",El médico me ha dicho que me reuniré inmediatamente con esas víctimas.
"Bai, baina, zer esan du medikuak?","Sí, pero ¿Qué dijo el doctor?","Sí, pero, ¿qué ha dicho el médico?"
epaitegia medikuaren eritziaren menpe dago.,Porque el tribunal escucha al doctor.,El tribunal está supeditado a la opinión del médico.
"Bai, eta epaitegia dio beraiek medikuari entzuten diotela.","Si, y el tribunal dijo que ellos escuchan al doctor, al doctor.","Sí, y el tribunal dice que ellos escuchan al médico."
Nire medikua.,"Es mi doctor, Cliff.",Mi médico.
Zer aholku eman zion medikuak?,¿Qué le recomendaron hacer al respecto?,¿Qué consejo le dio el médico?
Ingalaterrako medikuak hanka moztu beharko ziola esan zion.,El médico en Inglaterra le dijo que tenía que cortarle toda la pierna.,El médico inglés le dijo que tendría que cortarle la pierna.
Bobek minbizia zuela esan zigun medikuak Alan eta bioi eta zabaldurik zuela.,El médico nos dijo a Allan y a mí que Bob Marley tenía cáncer y se había extendido.,El médico nos dijo a Alan y a mí que Bob tenía cáncer y que se había extendido.
Ezin genuela ezer egin eta birarekin jarraitzen uzteko esan zigun medikuak. Oso sendoa zela eta egunen batean agertokira atera eta bertan hilko zela esan zigun.,"Pero el médico nos dijo que no debíamos hacer nada, que debíamos dejarlo continuar la gira de conciertos, que era tan fuerte y poderoso que un día iba a salir al escenario e iba a caer muerto.",El médico nos dijo que no podíamos hacer nada y que le dejáramos continuar con la gira. Nos dijo que era muy fuerte y que un día subiría al escenario y moriría allí.
"Bobengatik ezin zuela gehiagorik egin esan zigun medikuak, eta alde nahi bagenuen, hurrengo 48 orduen buruan egin beharko genuela.","El médico dijo que no podía hacer más por Bob, y que si íbamos a irnos, debíamos hacerlo en cuestión de 48 horas.","El médico nos dijo que por Bob no se podía hacer nada más, y que si queríamos irnos, tendríamos que hacerlo en las próximas 48 horas."
Zure medikua poztuko da.,A tu doctor le agradará.,Tu médico se alegrará.
Medikuarekin hitz egin dut.,Hablé con el doctor.,He hablado con el médico.
Zurekin argudiatzeko eskatu nahi genion Kurt Blumenfeldi baina hilzorian dagoela esan digu bere medikuak.,"Queríamos pedirle a Kurt Blumenfeld que razonara con usted, pero su doctor dijo que está muriendo.","Le queríamos pedir a Kurt Blumenfeld que discutiera contigo, pero su médico nos ha dicho que está moribundo."
-Medikua naiz.,- Bien.,Soy médico.
Ur gazietako hondartza batean ibiltzen ebaki bat egiten baduzu berehala joan behar duzu medikuarengana.,"Cuando uno camina por agua salobre o en la playa si se cortan, no crean que sanará fácilmente. Deben buscar atención médica inmediata si comenzara a enrojecer o si se sintieran mal.","Si te haces un corte caminando por una playa de agua salada, debes ir al médico inmediatamente."
"Jack Abrams naiz, Marylandeko Atlantic ospitaleko medikua.",Soy el Dr. Jack Abrams. Soy médico en el hospital Atlántico de Maryland.,"Soy Jack Abrams, médico del Hospital Atlantic de Maryland."
Medikuarengana joan naiz.,¿Te he dicho que estoy yendo al médico?,He ido al médico.
- Gure medikuak dauzkagu.,- Tenemos nuestros doctores.,Tenemos a nuestros médicos.
"Medikua ikusi nahi baduzu, arauak errespetatu itzazu.",Si quiere ver al médico tiene que respetar las normas. Lo siento.,"Si quieres ver al médico, respeta las reglas."
TomMelby medikua naiz. Erietxea kudeatzen dut.,"Soy el Dr. Melby, dirijo el consultorio.",Soy el doctor Tom Melby. Dirijo el hospital.
Eta gero medikua zetorrela esaten nion... eta beharbada haurdun nengoela.,Y entonces decía que había ido al médico y que estaba... que tal vez estaba embarazada.,Y luego le decía que venía el médico... y que quizás estaba embarazada.
-Medikuari deituko al diot?,¿Tengo que llamar a un doctor?,¿Llamaré al médico?
"Baieztatu dute txirrindulariak erabili zuela ukendu bat, markaren izen eta guzti, eta froga egin aurretik erakutsi ziela medikuaren errezeta.",Confirman el uso de un ungüento y lo nombran. El ciclista les mostró una receta médica antes de la prueba.,"Han confirmado que el ciclista usó un ungüento, con el nombre de la marca y todo, y que les mostró la receta del médico antes de hacer la prueba."
"Michele Ferrarirekin elkartu ginen, Lanceren medikua, honek karabana batean bidaiatzen zuen, parkin batean elkartu ginen, Milan hiriaren kanpoaldean autobidetik irtenda, gasolindegi batean.","Conocimos a Ferrari, el doctor de Lance... Betsy Andreu Esposa de un Excompañero ...que viajaba en una casa rodante en un estacionamiento en las afueras de Milán, cerca de la carretera y de una gasolinera de hotel.","Nos reunimos con Michele Ferrari, el médico de Lance, quien viajaba en una caravana, en un parking a las afueras de Milán, tras salir de la autopista, en una gasolinera."
"Ez dakit zuk, baina nik ez dut nire medikua horrela ikusten.","Yo no sé tú, pero yo no veo así a mi doctor.","No sé tú, pero yo no veo a mi médico así."
"Auzitan zeuden dopina eta elkarrizketa bat Lancek eta bere medikuak izandakoa, minbizia tratatzen ari zirela. Bai.",Giraba en torno al dopaje y una charla de Lance con su doctor mientras le trataban su cáncer.,Estaban en cuestión el dopaje y una conversación que Lance y su médico tuvieron mientras trataban el cáncer. Sí.
Medikua gelan sartu zen.,El doctor llegó.,El médico entró en la habitación.
Medikuak galdera pare bat egin zizkion.,El doctor le hizo un par de preguntas.,El médico le hizo un par de preguntas.
Ezin zuen gogoratu medikua gizonezkoa edo emakumezkoa zen.,No recordaba si el doctor era hombre o mujer.,No podía recordar si el médico era hombre o mujer.
"Medikuak onartuko du borrokaldia, beste edozein bezala, ados?",Esta pelea será autorizada por médicos como cualquier otra.,"El médico aceptará la pelea, como cualquier otra, ¿de acuerdo?"
"Tira, aztertu zaituzten medikua nire anaia da.",Lo saben. Mi hermano es el médico que los vio.,"Pues, el médico que os ha examinado es mi hermano."
Medikuak agindu bezalaxe.,Justo lo que ordenó el doctor.,Tal como el médico ordenó.
Medikua?,¿Medicina?,¿El médico?
Medikua iristeko zorian dago.,El médico no tardará en llegar.,El médico está a punto de llegar.
Medikuak gomendatutako sendategira joango naiz.,"Padre, quiero ir al hospital que me recomendó el médico.",Iré a la clínica recomendada por el médico.
Eta medikuari ere esan diot.,Ya se lo he dicho al doctor.,Y también se lo he dicho al médico.
Zorionak medikua izateagatik.,Enhorabuena por tu título de medicina.,Felicidades por ser médico.
Espero dut medikua izatea.,Espero que sea un doctor.,Espero ser médico.
"Bai, medikua da.","Si, si, si, es un doctor.","Sí, es médico/a."
"-Beraz, medikua zara.",- Eres médico.,"Entonces, eres médico."
Hitzordua medikuarekin.,Tengo una cita con el médico.,Cita con el médico.
Hitzordua nuen medikuarekin.,Tuve una cita médica.,Tenía una cita con el médico.
"'R Kelly-k hegan egin zezakeela sinesten zuen, 'eta Michael Jackson-ek bere medikua kualifikatua zegoela...'","""R Kelly creía que podía volar, ""y Michael Jackson creía que su doctor estaba cualificado...""","R Kelly creía que podía volar, 'y Michael Jackson creía que su médico estaba cualificado...'"
-Badakizu ez zarela medikua?,-¿Sabe que no es un médico de verdad?,¿Sabes que no eres médico?
Ni ez naiz medikua.,Yo no soy médico.,No soy médico.
"Badakit ez zarela medikua, buru-argi.","Tarado, ya sé que no eres médico.","Sé que no eres médico, listo."
"Oraintxe bertan, medikuarekin dago.",Ella está con el especialista en este momento.,"Ahora mismo, está con el médico."
Bazenekiten medikuaren hutsegite bat izan zela?,¿Sabes que ha sido por un fallo médico?,¿Sabían que había sido un error del médico?
Tareken gorpua hozkailuan sartuta eduki zuten bi hilabetez. Hala dio auzitegiko medikuaren txostenak.,"Mantuvieron refrigerado el cuerpo de Tarek más de dos meses, según el informe del forense.",Mantuvieron el cadáver de Tareque en la nevera durante dos meses. Así lo afirma el informe del médico forense.
Kaka! Medikuak potroak moztu dizkizu ala?,¿El doctor te cortó las pelotas?,¡Mierda! ¿Te ha cortado los cojones el médico?
"Behin medikuarenera joan nintzen, eta Chlamydia nuela esan zidaten.",Un día fui al doctor y me dijeron que tenía clamidia.,Una vez fui al médico y me dijeron que tenía clamidia.
"Farmazia enpresetakoak dira, ez medikuak.","Representan a compañías, no son médicos.","Son de las empresas farmacéuticas, no médicos."
Nork esan du medikua naizela?,¿Quién dijo que era doctor?,¿Quién ha dicho que soy médico?
"Zerbait esan nahi badidazu, hitz egin nire benetako medikuarekin, Eve Saks-ekin... eta zuk, ekarri armada puta oso bat","Si tiene algo que decirme, dígaselo a mi doctora, Eve Saks y tú trae un maldito ejército.","Si tienes algo que decirme, habla con mi verdadero médico, Eve Saks... y tú, trae a todo un jodido ejército."
Bere medikua zara eta ez dakizu zer hartzen duen?,¿Ud. es su médico y no sabe qué medicinas toma?,¿Eres su médico y no sabes qué toma?
-Segurtasuna! Medikua zarela diozu?,¿Te llamas un doctor?,¡Seguridad! ¿Dices que eres médico?
"Medikuak, apaizak eta Erdi Aroko zaldunak bezala.","Como los médicos, los curas, los caballeros medievales...","Como médicos, sacerdotes y caballeros medievales."
Biziko da. Medikuak dio...,El doctor dijo que estará bien.,Vivirá. El médico dice...
Hor dator medikua.,Aquí viene la doctora.,Ahí viene el médico.
Medikuak behar ditugu.,Necesitamos médicos.,Necesitamos médicos.
Medikua zara.,- Es doctor.,Eres médico.
Medikua edo horrelako zerbait ote zara?,¿Eres un doctor o algo?,¿Eres médico o algo así?
Ohartu medikuari.,"Nancy, trae al doctor.",Informa al médico.
Badator medikua.,Es el doctor.,Viene el médico.
"Egundokoak entzun behar ditu medikuak... hurrengo hitzorduan, asteartean!",Ese médico brujo me va a escuchar en mi cita de revisión el próximo martes.,"El médico va a tener que oír de todo... ¡en la próxima cita, el martes!"
Buruko mina dut. Medikuarengana joan naiz.,Fui a ver a un doctor.,Tengo dolor de cabeza. He ido al médico.
Zertarako egin prestakuntza medikua izateko asmorik ez bazenuen?,¿Por qué te graduaste en pre-medicina si no deseas estudiar medicina?,¿Para qué hiciste la formación médica si no tenías intención de ser médico?
"Bai, egiten duzun gauza bat dago... ohetik altxatzen zara... eta bira antzeko bat egiten duzu... eta ahal bezain laster arropa kentzen duzu... medikuarenean egongo bazina bezala.","Vale, sí, haces esta cosa donde tes levantas de la cama te das vuelta y te desnudas tan rápido como sea posible y es como si estuvieras preparándote para un examen físico o algo así.","Sí, hay una cosa que haces... te levantas de la cama... y das como un giro... y tan pronto como puedes te quitas la ropa... como si estuvieras en el médico."
Zure gurasoak medikuak ziren?,"Entonces, ¿Tus padres fueron médicos?",¿Eran tus padres médicos?
Ez da medikua izateko asmoa bertan behera utzi nuela.,No es que dejé de querer ser médico.,No es que abandonara la intención de ser médico.
Orduan medikua izan nahi duzu.,Así que quieres ser un doctor.,Entonces quieres ser médico.
Ez dut inoiz medikua izan nahi. Inoiz.,"Yo nunca quería ser un médico, nunca... ugh.",Nunca quiero ser médico. Nunca.
Mike medikua bilatuko dut hitz egiten ari zarela esateko.,Buscaré al doctor Mike para decirle que estás hablando. Qué bien.,Buscaré al doctor Mike para decirle que estás hablando.
Medikuak aitari esan zion... entrenatzaile izatearen estresak hil egingo zuela.,Los médicos le dijeron a mi padre que el estrés del entrenamiento lo mataría.,El médico le dijo al padre... que el estrés de ser entrenador lo mataría.
-Medikuarekin hitzordua nuen.,Tenía una cita con el doctor.,Tenía una cita con el médico.
Medikuak esan dit.,Tengo un aviso del Doc.,El médico me ha dicho.
"Medikuak esan zuen: ""Ez izorratu zuen bizitza 10 minutuko plazerrarengatik"".","El Doctor dijo: ""Así que no arruinar su vida durante 10 minutos de placer","El médico dijo: ""No arruinéis vuestra vida por un placer de 10 minutos""."
Medikuak hil zaitzake.,El médico te puede matar.,El médico te puede matar.
Harper medikuak ikusiko dizu bihar zauria.,Deja que el Dr. Harper te vea eso mañana.,El doctor Harper te examinará la herida mañana.
-Ez mugitu medikua heldu arte!,- ¡No lo muevan!,¡No te muevas hasta que llegue el médico!
Meg Ryanen medikua ekarriko diogu.,Usaremos el cirujano de Meg Ryan. ¿Qué importa?,Le traeremos al médico de Meg Ryan.
Zeu zara medikua?,"¿Qué, eres un médico?",¿Eres el médico?
Medikuaren laguntza behar du.,Ella necesita atención médica.,Necesita la ayuda del médico.
Laguntza medikua behar duen neska bat daukazue ziegan.,Está encerrando en una celda a una niña que necesita atención médica.,Tienen a una chica que necesita ayuda médica en la celda.
Medikua!,¡Médico!,¡Doctor!
Hildakoak? Medikua zara?,¿Eres doctor?,¿Muertos? ¿Eres médico?
Auzitegiko medikuak esango du hori.,Las pruebas forenses lo dirán.,El médico forense lo dirá.
Baina jada ez da medikua.,Pero ya no es médico.,Pero ya no es médico.
Hori egiteko prest dagoen medikuak oso berezia izan behar du.,Es muy raro que un médico haga eso.,El médico que está dispuesto a hacer eso debe ser muy especial.
"Kontratenorrak edo baritonoak izango zarete; batzuk, dentistak... edo medikuak.","Algunos de ustedes se convierten en altos, otros de ustedes en barítonos, otros se convierten en dentistas. Médicos.","Seréis contratenores o barítonos; algunos, dentistas... o médicos."
Medikuak esan zuen aire garbia arnastu behar nuela bolada batez.,El médico me dijo que debía ir a un sitio con aire limpio.,El médico dijo que tenía que respirar aire limpio por un tiempo.
-Medikua!,- ¿Qué...?,¡Médico!
"Zu medikua eta gu pazienteak bagina, zein izango litzateke diagnostikoa?",¿cuál es su diagnóstico?,"Si tú fueras el médico y nosotros los pacientes, ¿cuál sería el diagnóstico?"
Medikuak deitu dit telefonoz odol analisien emaitzak emateko.,Era mi doctora al teléfono con los resultados de un análisis de sangre.,El médico me ha llamado por teléfono para darme los resultados de los análisis de sangre.
"Normalean hala egiten dut, baina hitzordua nuen medikuarekin.","Normalmente, lo haría, pero tenía una cita con el doctor...","Normalmente lo hago así, pero tenía cita con el médico."
Medikuarekin?,- ¿Cita con el doctor?,¿Con el médico?
Zergatik joan zara medikuarenera?,¿Por qué vas a ir al doctor?,¿Por qué has ido al médico?
Medikuaz baliatu da zure emaztea ilusionatzeko.,Utilizó este médico de lujo para obtener su esposa de vuelta en el tren del bebé,Se ha valido del médico para ilusionar a tu esposa.
Medikua da eta nobelista ospetsua. Tira...,Resulta que ella es un médico y a celebran novelista me refiero,Es médico y un novelista famoso. Bueno...
Medikuak esan dio agian ez dela ospitaletik aterako.,El doctor dijo que quizá nunca deje el hospital.,El médico le ha dicho que quizás no salga del hospital.
Aita medikua izan zen.,Mi padre fue doctor.,Mi padre fue médico.
"Eraman medikuarengana, orain.","Llévenlo al doctor, ahora.","Llévalo/a al médico, ahora."
Medikuarengana eramango zaitut!,¡Tenemos que llevarlo a un doctor!,Te llevaré al médico.
"Medikuak etorri, eta makinak ekarri zituzten.","Entonces más médicos llegaron corriendo, y trajeron a más máquinas y ...",Los médicos vinieron y trajeron las máquinas.
"Jimmyk dio aurten itzuliko dela, baina medikua ez zegoen ziur.","Jimmy dice que vuelve este año, pero el doctor no parecía seguro.","Jimmy dice que este año volverá, pero el médico no estaba seguro."
"Jauna, nahi duzu medikuari deitzea?","Señor, ¿quiere que llame a su médico?","Señor, ¿quiere llamar al médico?"
Nahi duzu medikuari deitzea?,¿Quiere que llame a su médico?,¿Quieres que llame al médico?
Faktura medikua ordaindu dezaket edo afaltzera etorri.,Puedo pagar la cuenta del hospital o ir donde Ricky. ¿Cuál quieres?,Puedo pagar la factura médica o venir a cenar.
Deitu medikua!,¡Consigan un doctor!,¡Llama al médico!
Hargek esan digu nahiko ongi doakizula zure medikuarekin.,"Harge nos dijo que te estabas llevando muy bien con tu doctor, Carol.",Harge nos ha dicho que te va bastante bien con tu médico.
"Egia, ez da medikua, psikoterapeuta bat da.","Bueno, de hecho no es un doctor sino un psicoterapeuta.","La verdad, no es médico, es psicoterapeuta."
Baina ez da medikua.,"Sí, pero eso no lo hace un doctor.",Pero no es médico.
"Caroline MacKenzie, gure medikua.","Caroline MacKenzie, nuestra doctora.","Caroline MacKenzie, nuestra médica."
"Medikuak ezin izan zuen jakin zergatik hil zen, beste biktima guztiekin ez bezala.","De todas las víctimas, ella fue reportada como la única causa de muerte inconclusa.","El médico no pudo saber por qué murió, a diferencia de todas las demás víctimas."
"13 edo 14 urte zituela, antidepresiboak eman zizkion medikuak.","Cuando tenía 13 o 14 años, la llevaron al médico y le dieron antidepresivos.","Cuando tenía 13 o 14 años, el médico le dio antidepresivos."
Hura zaintzen zuen medikuak begietara so egin eta esan zidan:,El médico que la atendía me miró a los ojos y me dijo:,El médico que lo/la cuidaba me miró a los ojos y me dijo:
Medikuak odol-azterketak egiten zizkion sarritan.,El médico le hacía análisis de sangre a menudo.,El médico le hacía análisis de sangre a menudo.
Medikua hemen al dago?,¿Se encuentra el doctor?,¿Está el médico aquí?
-Medikua al zara?,- ¡No grite! - ¿Es el doctor o no?,¿Eres médico?
Non dago medikua?,¿Dónde está el doctor?,¿Dónde está el médico?
Gure medikuak penizilinarik gabe hilko dela esan du.,¡El doctor dijo que sin penicilina...! ¡sus heridas se infectarían y se moriría!,Nuestro médico ha dicho que morirá sin penicilina.
"Esan medikuari zelak eragindako mina dudala, eta errezeta bat behar dudala Kortisona-pomada lortzeko.",Dile al doctor que tengo dolores. Y necesito una receta de crema de cortisona.,"Dile al médico que tengo dolor causado por una llaga, y que necesito una receta para conseguir pomada de cortisona."
Medikua sartzen da.,Y entra este doctor.,El médico entra.
"Orduan, medikuak:",Entonces este doctor le pregunta.,"Entonces, el médico:"
"Gogoan duzu, beste batzuk gelan zeudela, medikuak galdetu ote zizun ea hartu zenuen droga indargarririk?",¿Recuerdas que mientras esas personas estaban en la habitación un médico le preguntó si había tomado drogas para mejorar el rendimiento?,"¿Recuerdas si el médico te preguntó, mientras otros estaban en la habitación, si habías tomado alguna droga estimulante?"
- Medikuak esan zuen...,- El doctor dijo que...,El médico dijo...
"Medikuak ez zuen hori esan, ez dakizu zer esan zuen ... Elkarrizketa pertsonal bat izan zelako.","Eso no es lo que dijo el doctor, tú no sabes lo que dijo... porque fue una conversación personal.","El médico no dijo eso, no sabes qué dijo... Porque fue una conversación personal."
Medikua naiz.,Soy médico.,Soy médico.
"Zu nire medikua zinen, ez?","Tú eras mi doctor, ¿no?","Tú eras mi médico, ¿verdad?"
- Taldeko medikua.,- Era el doctor del equipo.,El médico del equipo.
Taldeko medikua!,¡El doctor del equipo!,¡El médico del equipo!
Bennet Omalu doktorea izan da.... ...Ikerketa Medikuaren Bulegotik. Gaur erronka bota dio NFLri.,"Nos habló el Dr. Bennet Omalu de la Oficina del Investigador Médico, quien hoy retó a la Liga Profesional de Fútbol.",El Dr. Bennet Omalu ha sido... de la Oficina del Médico Forense. Hoy ha desafiado a la NFL.
"Esan. Zein dira zer aukera estatistiko zegoen zu, medikua ez baizik eta Bennet Omalu, AEBra etortzeko leku apurtu honetan amaitzeko eta bakarra izateko hau ikusten?","Dime ¿cuáles son las probabilidades estadísticas de que tú, no solo un doctor sino Bennet Omalu, viniera a EE.","Dime. ¿Cuáles eran las probabilidades estadísticas de que tú, no un médico, sino Bennet Omalu, vinieras a EE. UU., terminaras en este lugar destrozado y fueras el único en ver esto?"
Steelersen medikua.,Médico de los Steelers.,El médico de Steele
Aipatu futboleko gauzak medikuak ez diren hitzak.,Menciona cosas de fútbol términos que no sean médicos.,Habla de cosas de fútbol con palabras que no son médicas.
"Ni ez naiz medikua, baina mediku txosten osoa hartu behar da kontuan.","Yo no soy médico, pero hay que considerar todo su expediente médico.","No soy médico, pero se debe tener en cuenta todo el informe médico."
Nire medikua lehendakariordearen emaztearen medikua da.,Mi médico es el mismo que trató a la esposa del vicepresidente.,Mi médico es el médico de la esposa del vicepresidente.
Medikuak esan dit ongi osatzen ari zarela.,El médico me dijo que te estás recuperando bien. Sí.,El médico me ha dicho que te estás recuperando bien.
Azterketa du medikuarenean.,Se hizo ver con el doctor.,Tiene un examen en el médico.
Zure anaia medikua da?,¿Es doctor?,¿Tu hermano es médico?
"Zuk daukazunaren termino medikua ""gaueko izerdia"" da.","Bueno, entonces, el término médico de lo que tienes es ""sudores nocturnos"".","El término médico de lo que tienes es ""sudor nocturno""."
Zer esan dizu medikuak?,"Así que, um, ¿Qué dijo el doctor? Uh, no es nada.",¿Qué te ha dicho el médico?
-Hainbat aldiz esan diet. Ipurtzuloko medikuarekin diru asko gastatu nuelako dela diote.,"Ya lo hice, muchas veces, pero dicen que si yo no gastara tanto en el médico del ano, habría fondos.",Se lo he dicho varias veces. Dicen que es porque gasté mucho dinero con el médico del culo.
Baina medikua neuk ordaindu nuen.,Pero yo pago mis médicos de mi bolsillo.,Pero yo pagué al médico.
"""Haurdun dauden emakumeek eta zorabiatzen direnek medikuaren baimena behar dute igotzeko.",Las mujeres embarazadas y los que sufren de mareos... deben consultar a un médico antes de subirse.,Las mujeres embarazadas y quienes se marean necesitan permiso del médico para subir.
Medikua da?,¿Es médico?,¿Es médico/a?
"Fats, medikua behar duzu.","Fats, necesitas un terapeuta. Necesito sexo, Arf.","Fats, necesitas un médico."
Medikuarengana lagunduko lizuke... eskutik heldu erditzean.,Una habitación de madre e hijo.,Te acompañaría al médico... cogiéndote de la mano durante el parto.
Eta zuk medikuak zaindu beharreko konfidentzialtasuna apurtu duzu.,Y tú has roto la confidencialidad médico-paciente.,Y tú has roto la confidencialidad que el médico debe guardar.
Beharbada medikuarengana itzuli beharko zenuke.,¿Quizás deberías volver con los doctores?,Quizás deberías volver al médico.
Zerbait eman zizun medikuak?,¿Te recetaron algo en la unidad médica?,¿El médico te dio algo?
Zer esan du medikuak?,¿Te sientes bien? ¿Qué dijo el médico?,¿Qué ha dicho el médico?
Nire ustez medikuak gorpuen aurrean geratzen dira... heriotzaren arrazoiak esaten. Baina jakin nahi nuke arrazoirik argiena isilean gordetzen duten.,"Me parece que los médicos se paran frente a los cadáveres declarando las causas de la muerte, pero me pregunto si no están omitiendo la causa más obvia de todas.","En mi opinión, los médicos se quedan ante los cadáveres... diciendo las causas de la muerte. Pero me gustaría saber si la razón más clara la guardan en secreto."
"Ez baduzu jateko asmorik, medikuak esan du lo egiteko.","Si no vas a comer, el médico dice que duermas.","Si no tienes ganas de comer, el médico ha dicho que duermas."
-Baina medikuak?,Dice que su mujer está bien.,"Pero, ¿los médicos?"
"Programa ordaintzeko, Gizarte Segurantza aztertu behar dugu, laguntza medikua eta etekinak, goitik behera.","Para pagar el programa, tendremos que replantear Seguridad Social la asistencia médica y los beneficios radicalmente.","Para pagar el programa, debemos estudiar a fondo la Seguridad Social, la asistencia médica y las prestaciones."
- Medikua etorraraziko dut.,- Haré que venga el médico.,Haré venir al médico.
- Medikua ikusi duzu?,- ¿Ha visto al médico?,¿Has visto al médico?
-Biluztu zarete medikuaren aurrean?,- ¿Estabas desnuda delante del doctor?,¿Os habéis desvestido delante del médico?
Ez zen beharrezkoa medikuarengana joatea. Esan genizun.,No tenía sentido ir a que nos revisara un médico... eso fue lo que él me dijo.,No era necesario ir al médico. Te lo dijimos.
"Hementxe daukat Taber Hiztegi Medikua eta ez dute jasotzen ""tentsio sexual"" esapidea...",Tengo aquí el Diccionario Médico Taber y ellos no recogen el término tensión sexual...,"Aquí mismo tengo el Diccionario Médico Taber y no recoge la expresión ""tensión sexual""."
Medikua naiz eta ikertzailea.,Soy ambas cosas. Soy médico e investigador.,Soy médico y soy investigador.
Ez zara medikua.,No eres médico.,No eres médico.
Medikuak Henryrekin daude.,Los médicos están con Henry.,Los médicos están con Henry.
"Zer esan du medikuak, maitea?","¿Qué dijo el médico, mi amor?","¿Qué ha dicho el médico, cariño?"
Medikuak esan du osatuko dela?,¿El médico dijo que va a estar bien?,¿Ha dicho el médico que se curará?
Agian zegokidana baino denbora gehiago neureganatu dut baina uste dut liburuak merezi duela azterketa hori ebaluazio egiazko bat merezi du gizartean izango duen inpaktua aintzat hartuta ez bakarrik balio zientifiko ikaragarriagatik komunitate medikuaren mesederako baizik eta ekarpena ikaragarria delako.,Puede que haya abusado del tiempo que me correspondía porque creo que su libro merece tal escrutinio merece una evaluación sincera en virtud de su impacto en la sociedad no solo en cuanto al inmenso valor científico que le provee a la comunidad médica sino porque su contribución es inmensa.,"Quizás me he tomado más tiempo del que me correspondía, pero creo que el libro merece ese análisis y una evaluación genuina, considerando el impacto que tendrá en la sociedad, no solo por su formidable valor científico en beneficio de la comunidad médica, sino porque su aportación es inmensa."
Bidaia bat azterketa medikuaren alor txundigarrienetako batetik.,Un viaje a través de uno de los campos más fascinantes del estudio médico.,Un viaje a través de uno de los campos más fascinantes del examen médico.
Medikuari deituko diot.,"Voy a llamar al médico, mamá.",Llamaré al médico.
Medikuarenera eraman nian eta esan zian... haurra ezin dukela osasuntsu bizi giro horretan.,El Dr. Chadha dice que el bebé no puede estar sano ahí debido a su bronquitis.,Lo llevé al médico y me dijo... que el niño no puede vivir sano en ese ambiente.
-Gure medikuak--,- Nuestro doctor... nuestro doctor nos dijo...,Nuestros médicos
Geratu medikuak alta eman arte. Ea puta aurkitzerik daukazun. Hemen pixa-usaina dago!,"Bueno, ve a ver si te dan el alta médica y trata de traer a la ramera.",Quédate hasta que el médico te dé el alta. A ver si encuentras a la puta. ¡Aquí huele a pis!
Medikuak esan zuen.,Eso dijo el médico.,El médico dijo.
Hitz egin behar dugu. Medikuari hitzordu berria eskatzeko.,Deberíamos hablar si queremos reprogramar esa cita con el médico.,Tenemos que hablar. Para pedir una nueva cita al médico.
Nor zen zure amaren medikua?,"Y tu madre, ¿quién era su médico?",¿Quién era el médico de tu madre?
"Baina medikuarengana joan nintzen, bakarrik, behin baino gehiagotan.",Pensé que quizás... pero fui al médico sola. Tuve más de una.,"Pero fui al médico, solo, más de una vez."
-Medikua?,Doctora.,¿Médico?
"Nire betebeharra, medikua naizen aldetik, pertsonei bizitzen laguntzea da.",Mi deber como médico es ayudar a las personas a vivir.,"Mi deber, como médico, es ayudar a las personas a vivir."
"Sorosleak, medikuak, ebakuazio masiboak.","Socorristas, médicos, evacuación en masa.","Socorristas, médicos, evacuaciones masivas."
"Bere medikua gabe, bere ume pikortsurik gabe, hegazkin hau bezain goian ibiliko litzateke.",Sin su médico ni sus críos llenos de granos ella podría volar tan alto como este avión.,"Sin su médico, sin su hijo difícil, estaría tan alto como este avión."
Itzuli eta Etxe Zuriko medikua ikusi behar du.,Tiene que volver y ver al médico de la Casa Blanca.,Tiene que volver y ver al médico de la Casa Blanca.
Gogor sakatzen du eta medikua behar nuen.,"Porque él había golpeado con tanta fuerza, que necesitaba un médico. Juez:",Presiona fuerte y necesité un médico.
Medikuak esan du asteak eraman behar dituela horrela.,El doctor dice que se estaba gestando hace semanas.,El médico ha dicho que tiene que pasar semanas así.
"Medikuari deitu zioten, txikia, burusoila, betaurrekoekin eta baztertu egin ninduten gortina itxita.","Un doctor fue llamado. Bajo, calvo, con gafas, y fui excluido al colocar las cortinas.","Llamaron al médico, bajo, calvo y con gafas, y me rechazaron con la cortina cerrada."
"Zelatatu egin nuen,  eta medikuari entzun nion xuxurlatzen:","Esperé, me oculté, como dijo Edgar. Y oí al doctor susurrar:","Espié, y oí al médico susurrar:"
Medikuak gelaxka batera eraman ninduen plakaz betea odolez zikindutako hesgailuz betea.,El doctor me llevó a una sala pequeña llena de trastes de peltre llenos de vendajes ensangrentados.,El médico me llevó a una habitación llena de placas y vendajes manchados de sangre.
Medikuak esan zuen sokaren azken muturra zuela eta listuta zuela.,El doctor dijo que era su fin.,El médico dijo que tenía el último extremo de la cuerda y que lo tenía listado.
Medikuari arazoen berri eman behar zenion.,Debió decirle al doctor sobre los problemas.,Le tenías que haber contado los problemas al médico.
Medikuak.,Doctores.,Los médicos
Medikuak?,- ¿Doctores?,Los médicos?
Asko kostatu zaigu topatzea aholkua baino gehiago emango digun medikua.,Ha sido difícil encontrar a un médico que compartiera algo más que su consejo.,Nos ha costado mucho encontrar un médico que nos dé más que consejo.
Zure senargai medikuak pobrezian utziko ditu zure umeak?,"Oh, ¿y tu novio doctor va a permitir que tus hijos se conviertan en mendigos?",¿Tu prometido médico dejará a tus hijos en la pobreza?
Medikua zara?,¿Es usted médico?,¿Eres médico?
Zure kidea medikua da proiektuan. Eta zu izango zinateke...,"Entonces, su compañero es el doctor de toda la operación, y eso la convierte a usted en...",Tu compañero/a es médico/a en el proyecto. ¿Y tú serías...?
"Medikua zarenez, badakit dakizula...","Bueno, como doctora, estoy seguro de que sabe...","Como eres médico, sé que sabes..."
Ez naiz medikua.,No soy doctora en Medicina.,No soy médico.
"Ez naiz medikua, eta sintomak lausoak dira baina malaria bada eta larri badago, baja mediku bat eskura dezake.","No soy médico, y los síntomas son vagos pero si es malaria y está grave, le pueden dar una baja médica.","No soy médico, y los síntomas son vagos, pero si es malaria y es grave, puede obtener una baja médica."
"Orduan, nire medikuak sekretuan intseminatu ninduen Billen esperma arrastoa erabiliz, eta zeruko opari baten gisa, funtzionatu egin zuen.","Así que hice que mi médico me inseminara en secreto usando... lo que quedaba del esperma de Bill, y... como un regalo del cielo, funcionó.","Entonces, mi médico me inseminó en secreto usando un rastro del esperma de Bill, y como un regalo del cielo, funcionó."
"Hitzematen dizut, Keith medikua izateak ez duela arintzen nire trebetasuna ulertzeko sufrimendu mota hau.","Le prometo, Keith que ser médico no mitiga mi habilidad para entender este tipo de sufrimiento.","Te prometo, que Keith sea médico no alivia mi habilidad para entender este tipo de sufrimiento."
"Maitea, bera medikua da zinema izarraren aurpegia duena eta Graziako jainkoaren gorputza.","Cariño, él es médico con cara de estrella de cine y el cuerpo de un dios griego.","Querido/a, él es un médico que tiene la cara de estrella de cine y el cuerpo de un dios griego."
"Zu medikua zara, ez?","Usted es doctor, ¿verdad?","Tú eres médico, ¿no?"
Zer pentsatuko dute entrenatzaile sendo eta handi bati buruz medikuan txerto bat jarri behar diotenean begiak itxi eta txistu egin behar badu?,"Es decir, ¿qué van a pensar? Este entrenador de fútbol, grande, duro que cada vez que va al médico tiene que cerrar los ojos y silbar una canción cuando le ponen una inyección.",¿Qué pensarán de un entrenador fuerte y grande si tiene que cerrar los ojos y silbar cuando le tengan que poner una vacuna en el médico?
Tori. Zu zara medikua.,Toma.,Aquí tienes. Tú eres el médico.
- Medikua da.,- Es doctor.,Es médico.
Nire senarra medikua da.,Mi marido es médico.,Mi marido es médico.
Nire medikua berarekin dago?,- ¿La está atendiendo mi galeno?,¿Está mi médico con él/ella?
Eskerrak norbaitek aurkitu... eta medikuarengana eraman ninduela.,Quiso la suerte que me encontrase alguien y me llevase a un galeno.,Menos mal que alguien me encontró y me llevó al médico.
Zuk ere medikua izan nahi duzu?,¿Usted también quiere ser doctora?,¿Tú también quieres ser médico?
"(NICOLE) Batzuek guraso medikuak dituzte, laguntzen dietenak.","Algunos, los padres son médicos y ayudan.",Algunos tienen padres médicos que les ayudan.
"Ez naiz medikua, baina arropa garbitzen diot, janaria prestatzen.","No soy médica, pero... La cuido, preparo la comida, hago muchas cosas por ella.","No soy médico, pero le lavo la ropa, le preparo la comida."
"(MEDIKUA) Ahul samarra, baina ez da kezkagarria.","Es muy baja, pero... nada alarmante.","Un poco débil, pero no es preocupante."
(MEDIKUA) -Eser zaitez.,"- Nesrine, ¿se puede sentar aquí?",Siéntese.
"(MEDIKUA) Landareak aginduko dizkizut, lasaiago egon zaitezen. (MEDIKUA) Eta bitaminak ere bai.","Le voy a recetar algo para relajarse, y vitaminas, también.","(MÉDICO) Te recetaré plantas medicinales, para que estés más tranquilo/a. (MÉDICO) Y vitaminas también."
(MEDIKUA),- No.,Médico
(MEDIKUA),- Tome.,Médico
(MEDIKUA) Eutsi! Gogotik saiatu.,Resiste y es dedicada.,(MÉDICO) ¡Aguanta! ¡Esfuérzate al máximo!
"(MEDIKUA) Buruz ikasten baldin badakizu, lehen urtea aprobatuko duzu.","Y sabe memorizar bien, ya pasó el primer año.","Si sabes aprender de memoria, aprobarás el primer año."
"(MEDIKUA) Asko ikasi behar da buruz, baina ez dago ezinezkorik.","Hay que memorizar mucho, pero nada es imposible.","Hay que aprender mucho de memoria, pero no hay nada imposible."
(MEDIKUA) Niretzat ere oso gogorra izan zen bost hilabetetan.,Para mí también los cinco primeros meses fueron duros.,También para mí fue muy duro durante cinco meses.
"(MEDIKUA) Pixka bat deprimitzen zara, baina normala da. Buruak eutsi behar dio orduan.",La depresión comienza a aparecer pero... es justamente con la cabeza que es necesario resistir.,"(MÉDICO) Te deprimes un poco, pero es normal. La cabeza tiene que aguantar entonces."
(MEDIKUA) Ez ezazu utzi!,"- No abandone. - Sí, sí.",No lo dejes.
(MEDIKUA) -Zatoz. Tentsioa hartuko dizut?,- ¿Vemos su presión?,(MÉDICO) -Ven. ¿Te tomo la tensión?
(MEDIKUA) Urduri samar ikusten zaitut zu ere.,"- Parece un poco tensa, también.",A ti también te veo un poco nervioso.
(MEDIKUA) Eser zaitez.,"- Sí. Remangue la manga, de pie.",(MÉDICO) Siéntate.
(MEDIKUA) Hara! Ontzi komunikatuak zarete zuek.,Las dos son vasos comunicantes.,(MÉDICO) ¡Vaya! Ustedes son vasos comunicantes.
(MEDIKUA) Batarena bestearengana doa:,Una pasa para la otra.,Lo de uno va a lo del otro.
(MEDIKUA) -Hori da.,- Eso mismo.,Eso es.
(MEDIKUA),Más descanso.,MÉDICO
"(MEDIKUA) Ez dakit zer gehiago egin dezakedan, Fatima.","No veo nada más que se pueda hacer, Fatima.","(MÉDICO) No sé qué más puedo hacer, Fátima."
(MEDIKUA) Zazpi hilabetetik gora egin dituzu.,Ya hace más de 5 meses.,Has cumplido más de siete meses.
"Badakit, baina... (MEDIKUA) Ezin dizut luzatu, erradiografian ez baita ezer ageri.","Yo sé, más... No puedo prolongar la licencia pues ellos tendrán las radiografías. ¿Entiende?","Lo sé, pero... (MÉDICO) No puedo prolongártela, porque no aparece nada en la radiografía."
"(MEDIKUA) Ez dago ez hausturarik, ez urraturik.","No hay fractura, ni fisuras.",(EL MÉDICO) No hay ni fractura ni desgarro.
"MEDIKUA) Fatima, sinesten dizut. Baina ezin dut gauza handirik egin.","Fatima, yo le creo, pero no puedo hacer nada más.","MÉDICO) Fátima, te creo. Pero no puedo hacer gran cosa."
(MEDIKUA) Orain lan-medikuarengana joan behar duzu.,Ahora habrá que ver el trabajo de los médicos.,Ahora tienes que ir al médico del trabajo.
(MEDIKUA) Pierre-Béniteko medikuak luzatuko dizu edo ez.,Y el médico especializado podrá autorizar o no.,El médico de Pierre-Bénite te lo dará o no.
"Bai, baina... (MEDIKUA) Baduzu telefonoa.","- Sí, pero... - Tiene el número de teléfono.","Sí, pero... (EL MÉDICO) ¿Tienes el teléfono?"
"(LAN-MEDIKUA) Erradiografiak ikusita, ezin dizut gaixoaldia gehiago luzatu.","Considerando las radiografías, la licencia no se justifica más.","Vistas las radiografías, no puedo prolongarte la baja médica más."
"(LAN-MEDIKUA) Baina, zeharbidez, hilabeteko geldialdia egingo dizut.","Pero, encontraremos una manera. Le daré otro mes y después irá a ver a la Dra. Keltoum Merbaki.","Pero, de paso, te daré un mes de descanso."
(LAN-MEDIKUA) Eta gutun bat egingo dizut Mebarki doktorearentzat.,"Está en la calle Masnot, 60.",Y te haré una carta para el doctor Mebarki.
(LAN-MEDIKUA) Zoaz astelehenean.,"La va a ver el Lunes. Ella habla Árabe, veremos lo que pasa.",Ve el lunes al médico del trabajo.
Gure New Yorkeko medikuari bidal diezazkiokezu.,Entendido.,Puedes enviárselos a nuestro médico de Nueva York.
Esan dizuet gure medikuari bidaltzeko.,No voy a pagar por nada más...,Les he dicho que se lo envíen a nuestro médico.
Medikua zara?,"Lo siento, ¿es usted médico? No, señor, no lo soy.",¿Eres médico?
Nire emaztea medikua da.,Mi mujer es médico. Estaré bien.,Mi mujer es médica.
Erregearen medikua berehala!,"¡El médico del rey, inmediatamente!","¡El médico del rey, inmediatamente!"
Zure medikua etorri da.,Vuestro médico está aquí.,Tu médico ha venido.
Joan nire medikuaren bila!,Trae a mi galeno.,¡Ve a buscar a mi médico!
Abisatu medikua heltzen denean.,Avisadme cuando el galeno haya llegado.,Avisa cuando llegue el médico.
Igual medikua ikusi beharko duzu.,Quizás vea un médico.,Igual tendrás que ver al médico.
Medikuak  nire gaixotasuna sendatzen zuen.,El medico... curó mi enfermedad.,El médico curaba mi enfermedad.
Medikua?,¿Una médica?,¿El médico?
Baina ni medikua naizenez... badakit nahi gabeko tik bat edo gasen ondorioa izan dela.,"Pero, como soy médica, sé que seguramente fue un reflejo involuntario o un gas.",Pero como soy médico... sé que ha sido un tic involuntario o la consecuencia de gases.
Medikua. Pilulak lortzeko aukera.,Acceso a píldoras.,Doctor. Opción de conseguir pastillas.
Medikua naiz eta oso nekatuta nago.,Soy médica y estoy muy cansada.,Soy médico y estoy muy cansado.
Zu medikua izatea zoragarria da.,Me fascina que seas médica.,Es maravilloso que seas médico.
Medikua iritsi da.,Ha llegado el médico.,El médico ha llegado.
Joan kapitainarekin medikuarengana.,Seguid al capitán hasta la zona médica.,Ve con el capitán al médico.
Medikuaren gorpua aurkitu dute duela ordubete.,Han encontrado el cadáver de su médico hace una hora.,Han encontrado el cuerpo del médico hace una hora.
"Rone, eremu medikuan behar zaitugu.","Rone, te necesitamos en el área médica.","Rone, te necesitamos en el campo médico."
"Lasterka egin herrira, eta ekarri medikua.","Ve al pueblo por el doctor. Rápido, ve.",Corre al pueblo y trae al médico.
Zoaz medikuarengana.,- Deberías ver al médico.,Ve al médico.
"Zure emaztea, zure ama, zure aita, zure seme-alabak... zure arreba, zure anaia... zure izebak, lehengusu-lehengusinak... zure lankideak, nagusiak, laneko lagunak... errugbi taldekoak, Rotary klubekoak... autoa erosi zenion morroia, medikua... dentista, Amberren pianoko maisua.","Tu esposa, tu madre, tu padre, tus hijos. Tu hermana, tu hermano. Tus tías, tus primos.","Tu esposa, tu madre, tu padre, tus hijos... tu hermana, tu hermano... tus tías, primos y primas... tus compañeros de trabajo, jefes, amigos del trabajo... los del equipo de rugby, los del club Rotary... el muchacho al que le compraste el coche, el médico... el dentista, el profesor de piano de Amber."
- Medikua al zara?,- ¿Usted es médico?,¿Eres médico?
"Medikua da, ulertuko du.","Es médica, podría entenderlo.","Es médico, lo entenderá."
"- Utzi, medikua naiz.","- Permítame, soy médica.","Déjame, soy médico."
"Medikua naiz, ez kezkatu.","Soy médico, no se preocupe.","Soy médico, no te preocupes."
"Lasai, medikua naiz.","Tranquilícese, soy médica.","Tranquilo, soy médico."
- Utzi medikuari lanean!,- ¡Deja hacer a la doctora!,¡Dejen trabajar al médico!
"Ziurtagiri medikoa behar dut, Kontseilu Medikuarentzat.",Necesito un certificado médico para el Consejo Médico.,Necesito un certificado médico para el Consejo Médico.
Departamenduak laguntzen du Europar Batasuneko medikuak ekartzen.,El departamento también colabora instalando médicos de la U.E.,El departamento ayuda a traer a los médicos de la Unión Europea.
"Urgentzia baterako, guardiako medikuak 40 km egin behar ditu","En una urgencia, el médico de guardia debe hacer 40 Km.","Para una urgencia, el médico de guardia tiene que hacer 40 km."
"Bravo November 45, Crow Wood parkean nago... Balizko suizida baten heriotza berretsi du anbulantziako medikuak.","Bravo noviembre 45, Estoy en Crow Wood Park, sospecha de suicidio ha confirmado la muerte por el paramédico.","Bravo November 45, estoy en el parque Crow Wood... El médico de la ambulancia ha confirmado la muerte de un posible suicida."
Esan medikuak eta poliziak behar ditugula.,Que envíen personal médico y a la policía.,Di que necesitamos médicos y policías.
Medikuak eta adituak dauzkagu.,"Contamos con médicos, comunicaciones, expertos en logística.",Tenemos médicos y expertos.
Medikua naiz.,Soy doctor.,Soy médico.
Medikua. Medikua.,Soy el médico. ¿Médico?,El médico. El médico.
- Medikua. Ez.,- Trae al médico.,El médico. No.
ERABILI MEDIKUAK ESANDAKOARI JARRAIKI.,USAR SOLO SEGÚN LAS INSTRUCCIONES DE SU MÉDICO,Utilice según lo indicado por el médico.
- Ez gara medikuak.,- No somos médicos.,No somos médicos.
Medikuak ez du azterketa bukatu. Ezin dizut pasatzen utzi...,"El doctor no ha terminado de examinarla, no puedo dejarla entrar.",El médico no ha terminado el examen. No puedo dejarte pasar...
Medikuaren agindua da.,Órdenes del médico.,Es la orden del médico.
Hau... Medikua al zara?,¿Tú eres... ¿Eres doctora?,Esto... ¿Eres médico?
"Kino, medikua behar du.","Kino, necesita un médico.",Kino necesita un médico.
JERICHOKO KONDERRIKO AUZITEGI -MEDIKUA R. ANWAR DOKTOREA,MÉDICO FORENSE DEL CONDADO DE JERICÓ DOCTOR R. ANWAR,"Doctor R. Anwar, médico forense del Condado de Jericó."
"Argia beharko luke, eta non moztu jakin, baina ez luke medikua edo kirurgialaria izan behar.","Necesitaría mucha luz y saber dónde cortar, pero no tendría que ser médico ni cirujano.","Debería ser claro y saber dónde cortar, pero no debería ser médico o cirujano."
Medikua.,El médico.,Médico
Medikua eta biok honen bila genbiltzan.,El buen doctor y yo lo buscábamos.,El médico y yo estábamos buscando esto.
Baina poztuko zara medikuak dimisioa aurkeztu duela jakiteaz.,Pero le complacerá saber que nuestro buen doctor ha presentado su renuncia.,Pero te alegrarás de saber que el médico ha presentado la dimisión.
- Borrokako medikua!,- ¡Médico de combate!,¡Médico de combate!
"Bai, borrokako medikua.","Sí, era médico de combate.","Sí, médico de combate."
"Tonyren pneumonia tratatu zuenean, zure obstetra medikuak antibiotikoak eman zizkion.","Cuando trataron a Tony por neumonía, al parecer, su obstetra le dio antibióticos.","Cuando tu médico obstetra trató la neumonía de Tony, le dio antibióticos."
Zoaz pikutara. Ez zara medikua!,Vete a la mierda. ¡No eres médico!,¡Vete al carajo! ¡No eres médico!
AUZITEGIKO MEDIKUAREN OHARPENA MILWAUKEEKO KONDERRIA,PELIGRO CONDADO DE MILWAUKEE,Informe del médico forense del Condado de Milwaukee
"Orduan, medikuari somniferoak eskatu beharko dizkiogu.","Pues iremos al médico, así te da pastillas para dormir.","Entonces, tendremos que pedirle somníferos al médico."
Medikuaren aginduak bete. Neuk zainduko dut sir Clifford.,"Usted siga las indicaciones del médico, y yo cuidaré a sir Clifford.",Cumple las órdenes del médico. Yo cuidaré a sir Clifford.
Medikuak ondo osatzen ari dela dio.,"Según el médico, su mejoría es notable.",El médico dice que se está recuperando bien.
Medikuak esan du ez dela hilko. Asko falta dela.,El doctor ha dicho que aún le queda mucho tiempo.,El médico ha dicho que no morirá. Que falta mucho.
Medikua behar duzu.,"Necesitas un médico, ¿sí?",Necesitas un médico.
"Medikuak lo egin behar nuela zioen, baina oso mingarria zen.","Y el médico me decía que debía dormir, pero tenía mucho dolor.","El médico decía que tenía que dormir, pero era muy doloroso."
"Azkura ematen badizu edo gorri jarriz gero, zoaz medikuarenera.","Si te llegara a picar o te da urticaria, ve al médico.","Si te pica o se pone rojo, ve al médico."
Medikuarengana eraman behar zaitugu.,Tenemos que conseguirte un médico.,Tenemos que llevarte al médico.
Hitzordua nuen medikuarekin.,Fui al médico.,Tenía una cita con el médico.
"Ordenagailuak maite ditut, baina nire gurasoek nahi dute medikua izatea,","Me encanta la informática, pero mis padres quieren que sea médico,","Amo los ordenadores, pero mis padres quieren que sea médico."
Uste dut medikuarenera era man beharko nauzula.,Necesito que me lleves al médico.,Creo que me tendrás que llevar al médico.
"Ez al daukazu medikuaren Baja, Tommy?","¿No estabas de baja, Tommy?","¿No tienes la baja del médico, Tommy?"
"Medikuak ikusten badu, esan beharko diogu.","Si la ve el médico, habrá que explicarlo.","Si el médico lo ve, tendremos que decírselo."
Batez ere medikuak ikusteko gai dela jakiten duenean.,Más tendremos que explicar cuando vaya a la próxima revisión.,Especialmente cuando sabe que puede ver al médico.
"Ez naiz medikua, baina zure benetako gorputzarentzat ez da batere ona izango hori.","No soy médico, Conner, pero no creo que tu cuerpo real, este cuerpo, reaccionara muy bien.","No soy médico, pero eso no será nada bueno para tu verdadero cuerpo."
Hartu ezazu medikuaren baja.,Coge la baja que te ofrecen.,Coge la baja del médico.
"Poltaren krisia tratatzen dabilen medikuak ""lobulu okzipitaleko bakterio infekzio lokalizatua"" aurkitu du.","La doctora que está tratando a la polt ha buscado ""infecciones bacterianas localizadas en el lóbulo occipital"".","El médico que está tratando la crisis de Polta ha encontrado ""una infección bacteriana localizada en el lóbulo occipital""."
Medikuak esan dizu zer aukera duen bizirauteko?,¿El médico ha dicho qué probabilidad tiene de sobrevivir?,¿El médico te ha dicho qué posibilidades tiene de sobrevivir?
Medikua?,¿Hay médicos?,¿Médico?
"Baina... ama ondoezik jarri zen, eta medikuari ordaindu behar izan nion.",Es que mi madre se enfermó y tuve que pagarle a un médico.,"Pero... mi madre se puso enferma, y tuve que pagarle al médico."
Medikuak goizegi dela esan du.,El médico dijo que era muy pronto.,El médico ha dicho que es demasiado pronto.
Ez zait medikuak esan duena axola.,No me importa lo que haya dicho.,No me importa lo que ha dicho el médico.
Lan egiteari utzi eta baja medikua hartu beharko duzu.,Y tendrás que dejar de trabajar. Tomarte licencia médica.,Tendrás que dejar de trabajar y coger la baja médica.
"Zaintzen nauten medikuak ditut. Laster, normal sentituko naiz.","Tengo doctores que me cuidan, y pronto me sentiré normal.",Tengo médicos que me cuidan. Pronto me sentiré normal.
Medikuaren agintea.,Órdenes del doctor.,La autoridad del médico
Medikuak?,- ¿El doctor?,¿Los médicos?
Ez zara ez neskaren ama ez bere medikua.,No es la madre de la niña ni su médico.,No eres ni la madre de la niña ni su médico.
Deitu medikuari.,Busquen al doctor.,Llama al médico.
Medikuari agindu diote haiek artatzeko lehenik.,Los doctores tiene la orden de atenderlos a ellos primero.,Le han ordenado al médico que los atienda primero.
Nolatan lortu duzu medikua?,¿Cómo lograste traer un doctor aquí?,¿Cómo has conseguido al médico?
Medikua behar du.,Necesita un médico.,Necesita un médico.
Nire emazteak mina dauka eta ez du ondo arnasa hartzen eta medikuak etorriko dela esan du baina bi ordu igaro dira jada.,"Es mi mujer. Le duele un poco y no respira bien, y una doctora dijo que la vería, pero ya han pasado dos horas.",Mi esposa tiene dolor y no respira bien y el médico dijo que vendría pero ya han pasado dos horas.
Medikua izan nahi zenuen?,¿Tú querías ser médico?,¿Querías ser médico?
Medikuak zarete biok.,Ambos son médicos.,Ambos sois médicos.
Medikua da.,También es médico.,Es médico.
"Medikuak, pazienteak, Beverly.","Los médicos, las pacientes, Beverly.","Los médicos, los pacientes, Beverly."
"Berandu deitu zioten medikuari, eta iritsi zenerako haurra hilda zegoen.","Llamaron tarde al médico y, cuando llegó, el bebé había muerto.","Llamaron tarde al médico, y para cuando llegó, el niño estaba muerto."
"Beraz, emakumeak eta medikuak elkarrekin lan egin zuten.",Así que ella y el médico trabajaron juntos.,"Por lo tanto, las mujeres y los médicos trabajaron juntos."
Medikuak eta emakume gazteak 30 ebakuntza burutu zituzten.,El médico y la joven realizaron 30 intervenciones distintas.,Los médicos y las mujeres jóvenes realizaron 30 operaciones.
"Hogeita hamar ebakuntza eta gero, medikuak konpondu egin zuen.",Treinta intervenciones distintas para resolverlo y el médico lo resolvió.,"Después de treinta operaciones, el médico lo arregló."
Medikuak zaretela berretsi nahi du.,Pregunta para confirmar que solo sois médicas.,Quiere confirmar que son médicos.
"Nire aita medikua da, berak hezi gintuen.",Mi padre es médico y nos ha criado.,"Mi padre es médico, él nos educó."
"Medikua zara, lortu hobea.",Eres doctora. Pilla algo bueno.,"Eres médico, consigue ser mejor."
Gure medikua balitz bezala.,Nos ha hecho un diagnóstico Mantle.,Como si fuera nuestro médico.
"Nire ama hil egin zela esan zion medikua, minutu batzuk baino ez zituen alabak bere emaztea hil zuela esan zion medikua, oso-oso gaztea zela.","Que la médica que dijo que mi madre había muerto, la médica que le dijo que su hija, recién nacida, había matado a su mujer, era muy joven.","El médico le dijo que mi madre había muerto, que su hija, que apenas tenía unos minutos de vida, había matado a su esposa, y que era muy, muy joven."
"Gozokiekin konbentzitu ohi dugu, baina medikuak azukrea mozteko agindu digu.","Siempre la chantajeamos con dulces. Pero el doctor indicó que no comiera azúcar, así que...","Solemos convencer con dulces, pero el médico nos ha mandado cortar el azúcar."
Medikuak azterketa egin behar dizu.,"Señorita, deje que el médico la revise.",El médico tiene que hacerte un examen.
"Medikuak esan dit erabateko mugikortasuna daukadala, ez nukeela orbaindu ere egin behar.",El médico dijo que puedo extenderlo totalmente y que quizá no quede cicatriz.,"El médico me ha dicho que tengo movilidad total, que ni siquiera debería tener que cicatrizar."
"Hori esan zuen mari-zikinak, eta hori esan nion nik medikuari.",Eso me dijo ella. Así se llama mi vídeo porno. Eso le dije al médico.,"Eso dijo la María sucia, y eso le dije yo al médico."
"Gogoratzen aldi hura Oscar bizkar gainean eraman zenuenean eta erori eta negarrez eta garrasika hasi zenean eta, puntuak jartzeko unean, medikuak eusteko eskatu zidanean?","¿Recuerdas cuando eras pequeña, llevabas a Oscar a caballito, se cayó, empezó a llorar y a gritar y el médico me pidió que lo sujetara mientras le ponía agujas?","¿Recuerdas aquella vez que llevaste a Oscar a cuestas y se cayó y empezó a llorar y gritar, y, a la hora de ponerle los puntos, el médico me pidió que lo sujetara?"
Baina nire lagun medikuak arriskuak egon daitezkeela esan dit.,Pero tengo un amigo médico y me dijo que había riesgos.,Pero mi amigo médico me ha dicho que puede haber riesgos.
"Onartzen baduzu, medikuak dena prestatzen hasiko dira Romiren immunitate-sistema indargabetzeko.","Si dices que sí, los médicos lo pondrán todo en marcha y alterarán su sistema inmunológico.","Si lo aceptas, los médicos empezarán a preparar todo para debilitar el sistema inmunitario de Romi."
Medikuak poz-pozik daude.,Los médicos están contentos.,Los médicos están muy contentos.
- Horixe esan zenion medikuari.,- Eso le dijiste al médico.,Eso mismo le dijiste al médico.
"Ez naiz medikua, baina igeltsu hau gozo-gozoa dago.","No practico la medicina, pero este yeso se ve exquisito.","No soy médico, pero este yeso está delicioso."
"""Ondo""? Medikuarengana eraman zaitudalako.",Estás bien porque te llevé al médico.,¿Bien? Porque te he llevado al médico.
"Medikua zara, badakizu ez dela oso osasuntsua.","Eres médica, sabes que no se cuida nada.","Eres médico, sabes que no es muy saludable."
Medikuak idatzi arte itxarongo dugu.,Esperamos a que llame el médico.,Esperaremos hasta que el médico escriba.
Medikuaren berriren bat?,¿Alguna noticia del médico?,¿Alguna noticia del médico?
- Bai. Hauek medikuarengana doaz gero.,Estos van al médico después.,Sí. Ellos van al médico después.
Medikuaren kontua konponduta dago.,Me he encargado del médico.,El asunto del médico está resuelto.
"Ni kanpoan nengoela inon egon zaren galdetzen badizu norbaitek, esan medikuarenera joan zinela, ados?","Si te preguntan si fuiste a algún sitio mientras yo no estaba, tú di que fuiste al médico. ¿Vale?","Si alguien te pregunta dónde estuviste mientras yo estaba fuera, di que fuiste al médico, ¿de acuerdo?"
"Medikua naiz, eta jendea sendatzen dut.","Sabes que soy médica, ¿no? Curo a personas.","Soy médico, y curo a la gente."
"Aditzera emango duzu Ludmilla printzesak, gorteko medikuaren gomendioz, hilabeteak ohean pasa behar dituela.","Anunciarán que la princesa Ludmilla, por consejo del médico de la corte, debe quedarse en cama muchos meses.","Informarás que la princesa Ludmilla, por recomendación del médico de la corte, debe pasar meses en cama."
"Gure medikua, Putziger irakaslea.","Nuestro médico, el profesor Putziger.","Nuestro médico, el profesor Putziger."
"Medikua zara, badakizu zer gertatuko den.","Es médico, sabe lo que está pasando.","Eres médico, sabes qué va a pasar."
Mugarik Gabeko Medikuak.,Médicos Sin Fronteras.,Médicos Sin Fronteras
Medikua deituko dut.,Llamaré al médico.,Llamaré al médico.
Medikua bidean da.,Ya viene.,El médico está en camino.
