Basque (eu),Spanish (es),Spanish_Translation
"Era horretan lortzen dena, gurpila behin eta berriro asmatzen ibiltzeari saihets egitea da (horrelaxe gertatzen baita hedatuak dauden aplikazioekin: programatzaileak kreazioa zerotik hasi behar izaten du den-denetan).","De esta manera, se evita reinventar permanentemente la rueda, como ocurre con las aplicaciones al uso donde los programadores deben siempre empezar sus creaciones de cero.",Lo que se consigue de este modo es evitar el acierto constante de la rueda (así ocurre con las aplicaciones extendidas: el programador tiene que comenzar la creación de cero en todos los casos).
"Interkonexio optikoko produktuen mota ezberdinak diseinatu, fabrikatu eta hornitu ditugu, besteak beste, transceiver optikoak, osagai optiko pasiboak, optikozko kable aktiboak, MTP / MPO kableak eta hodei-programatzaileak eta zuzentzaileak, eta abar.","Diseñamos, fabricamos y suministramos varios tipos de productos de interconexión óptica, incluidos transceptores ópticos, componentes ópticos pasivos, cables ópticos activos, cableado MTP / MPO y programadores y verificadores en la nube, etc.","Se han diseñado, fabricado y suministrado diferentes tipos de productos de interconexion óptica, como transceiver ópticos, pasivos componentes ópticos, cables activos ópticos, MTP / MPO cables y programadores y correctores de nubes, etc."
"Komunikazioaren eta informazioaren teknologien sektorean programatzaileak, datu-analistak eta zibersegurtasuneko adituak falta dira, enpresen digitalizazioa profil berrien prestakuntza baino azkarragoa baita.","En el sector IT, de tecnologías de la comunicación y la información, faltan programadores, analistas de datos y expertos en ciberseguridad, ya que la digitalización de las empresas va más rápida que la formación de nuevos perfiles.","En el sector de las tecnologías de la comunicación y la información faltan programadores, analistas de datos y expertos de cibermisia, ya que la digitalización de las empresas es más rápida que la formación de nuevos perfiles."
JAVA programatzaileak Lan-eskaintza berria,Programadores y Programadoras JAVA Nueva...,Programadores de JAVA oferta de empleo
"Oso garrantzikotzat jotzen dute orain Fringen aurkeztea, publiko ororen aurrean, baina batez ere jaialdiaren inguruan urtero biltzen diren profesionalen aurrean (programatzaileak, ekoizleak, artistak, …).","Consideran muy importante poder presentar su trabajo en el Fringe, ante el público en general, pero, ante todo, ante los profesionales que cada año se reúnen en torno al festival (programadores, productores, artistas, …).","Consideran muy importante que ahora se presente en Fring, ante todo público, pero sobre todo ante profesionales que se reúnen anualmente en torno al festival (programadores, productores, artistas...)."
Kategoria:Bideojoko programatzaileak Wikipedia(e)tik,Categoría:Programas de televisión sobre videojuegos,Categoría: Programadores de videojuegos desde Wikipedia
"Interkonexio optikoko produktuen mota ezberdinak diseinatu, fabrikatu eta hornitu ditugu, besteak beste, transceiver optikoak, osagai optiko pasiboak, optikozko kable aktiboak, MTP / MPO kableak eta hodei-programatzaileak eta zuzentzaileak, eta abar.","Diseñamos, fabricamos y suministramos varios tipos de productos de interconexión óptica, incluidos transceptores ópticos, componentes ópticos pasivos, cables ópticos activos, cableado MTP / MPO y programadores y verificadores en la nube, etc. Estos productos están diseñados para tres aplicaciones Óptica...","Se han diseñado, fabricado y suministrado diferentes tipos de productos de interconexion óptica, como transceiver ópticos, pasivos componentes ópticos, cables activos ópticos, MTP / MPO cables y programadores y correctores de nubes, etc."
"Programaren komisarioa Guillermo G. Peydró, jaialdiaren programatzailea, izan da. Elkarren segidako saioetan, berriz idazte eta berriz irakurtze kritiko iraunkorraren inguruko lan zoragarriaren irudiak eta ideiak eskainiko dira. Zikloa bidaia eta itxialdiaren, trantzearen eta mugiezintasunaren arteko dialektikan kokatzen da, eta 1989. urtean duen etxearen mugetan sartuta geratuko da.",El programa que ha sido comisariado por el programador del festival Guillermo G. Peydró y ofrece a lo largo de uno de los secretos mejor guardados de Francia. El programa que ha sido comisariado por el programador del festival Guillermo G. Peydró y ofrece a lo largo de sucesivas sesiones las imágenes e ideas de su fascinante trabajo de reescritura y relectura crítica permanente.,"La comisaria del programa ha sido Guillermo G. Peydró, programador del festival, y en las sesiones sucesivas se ofrecerán imágenes e ideas de un trabajo maravilloso en torno a la lectura crítica permanente, que se ubicará en la dialéctica entre el viaje y la clausura, el trance y la inmovilidad, y se situará en los límites de su casa en 1989."
"“Zentzu honetan, – esaten du David Fernández Rementeríarekin batera enpresaren fundatzailea izandako Elen García Cangasek – Sabin Mendiguren programatzailearen ezarpena erabakigarria izan zen esparru digitalean erabat murgiltzeko orduan, baita berrikuntza teknologikoan ere, udal korporaziotara zuzendutako Udalia izendatutako softwarearen diseinuarekin eta garapenarekin”.","«En este sentido, – señala Elen García Cangas, fundadora junto con David Fernández Rementería de la empresa – la incorporación como programador de Sabin Mendiguren fue decisiva para entrar de lleno en el campo digital e, incluso, en la innovación tecnológica que representa Udalia».","En este sentido, - dice junto a David Fernández Rementería Elen García Cangas, fundador de la empresa - Sabin Mendiguren, la implantación del programador de Sabin Mendiguren, fue decisiva para su integración en el ámbito digital, así como en la innovación tecnológica con el diseño y desarrollo del software denominado Udalia, destinado a corporaciones municipales."
"Nork: Xavier Balderas (Diseinatzailea, web programatzailea)","Imparte Xavier Balderas (Diseñador, programador web)","Quién: Xavier Bearras (Diseñador, programador web)"
"Gaur egun, musika dokumentalen sailean, Mexikoko DOCSDF eta Cine Migrante de Argentinako programatzailea da.",Canciones también el programador de las secciones de documental musical de los festivales DOCSDF de México y Cine Migrante de Argentina.,"En la actualidad, en la sección de documentales de música, es programadora de DOCSDF y Cine Migrante de Argentina de México."
"Partekatutako memoria: CUDAk programatzaileari 16KB-ko memoria-eremu bat (edo 48KB Fermi seriean) jartzen dio eskuragarri, hari guztien artean partekatuko dena.",Memoria compartida: CUDA pone a disposición del programador un área de memoria de 16KB (o 48KB en la serie Fermi) que se compartirá entre hilos.,Memoria compartida: CUDAk pone a disposición del programa un campo de memoria de 16KB (o en serie Fermi) que se compartirá entre todos los hilos.
• Sistema automatizatuen programatzailea.,• Programador de sistemas automatizados.,• Programadora de sistemas automatizados.
1997tik Bartzelonako Harlem Jazz Club-eko “Constes i Cuentos” helduentzako ipuin-zikloaren programatzailea da.,"Desde el año 1997 es programadora del ciclo de cuentos para adultos ""Contes i Cuentos"" del los cuentos, a los narradores de cuentos y al arte de narrar.",Desde 1997 es programador de un ciclo de cuentos para adultos de Harlem Jazz Club de Barcelona.
"Herrialde gehienetan, programatzailea lan kategoria ezaguna ere bada.","En la mayoría de los países, programador es también una categoría profesional reconocida.","En la mayoría de los países, el programador también es una categoría de trabajo conocida."
Nafarroako Ikus-entzunezkoen Sormenaren Jaialdian izan ziren formatu berri horietan lan egiten zuten artistak nahiz gertatzen ari ziren aldaketa horien gaineko hausnarketa egiten zuten programatzaileak eta teorikoak.,"Por el Festival de Creación Audiovisual de Navarra pasaron no solo artistas que trabajaban en estos nuevos formatos, sino también programadores y teóricos que reflexionaban sobre estos cambios que se estaban produciendo.","En el Festival de Creatividad Audiovisual de Navarra, los artistas que trabajaban en estos nuevos formatos, así como los programadores y teóricos que reflexionaban sobre los cambios que se estaban produciendo."
"LCD irteera horrek programatzaileari laguntzen dio framework-ak ordeztu nahi duenean, pantailan datuen irteera baimentzen du eta blokearen edozein barne-elementuren egoeraren irteera sortzeko.","Esta salida de LCD ayuda al programador en caso que quiera hacer reemplazo del framework, ya que permite la salida de datos en pantalla, para generar una salida de estado de cualquier elemento interno del bloque.","Esta salida LCD ayuda al programador cuando el framework quiere reemplazar, permite la salida de datos en la pantalla y crea la salida del estado de cualquier elemento interno del bloque."
"Gure Costa Ricoko Zentroak esperientzia handiko eta exekutiboko idazkari zorrotz bat, gaixoaren bezeroarentzako arreta agentea, gaitasun handiko telemarkatzaileak eta irudimenezko web diseinatzaileak eta programatzaileak behar ditu.","Nuestro Centro de llamadas de Costa Rica siempre tiene la necesidad de los experimentados y aquellos que desean ser un secretario ejecutivo, un agente de atención al cliente, telemarketers altamente calificados y diseñadores web y programadores imaginativos.","Nuestro Centro de Costa Rico necesita de un secretario riguroso de gran experiencia y ejecutivo, de una atención al cliente, telemarcadores y diseñadores y programadores web imaginarios."
Antzerki programatzaileak,Organizador de espectáculos de teatro,Programadores de teatro
"Programatzailea naiz, eta ildo horretan, a priori, filmaren edukia da gehien interesatzen zaidana.","Soy un programador y como programador, a priori, lo que más me interesa es el contenido de la película.","Soy programador, y en ese sentido, a priori, lo que más me interesa es el contenido de la película."
"Programa honen helburuak honako hauek dira: jazza aktiboki sustatzea, espainiar jazz taldeen partaidetza jaialdietan bultzatzea, SGAEko kide diren bazkideentzako nazioarteko birak garatzea, eta topaketak eta esperientzien elkartrukaketak erreztea eta gure herrialdeko eta mundu guztian sektore honetan dauden profesionalak elkar ezagutzea (autoreak, artistak, managerrak, programatzaileak, jaialdietako zuzendariak, disketxeak, etab.).","Los objetivos de este programa son: promocionar de forma directa el flamenco de nuestro país, incentivar la participación de grupos españoles de flamenco en festivales, promover giras internacionales para socios de SGAE y favorecer los encuentros y el intercambio de experiencias y conocimiento entre profesionales del sector (autores, artistas, mánagers, programadores, directores de festivales, discográficas, etc.) de nuestro país y del resto del mundo.","El objetivo de este programa es impulsar activamente el jazz, impulsar la participación de grupos de jazz españoles en festivales, desarrollar giras internacionales para los socios miembros de la SGAE, quemar encuentros y intercambios de experiencias y conocer a profesionales en este sector en nuestro país y en todo el mundo (autores, artistas, managers, programadores, directores de festivales, discográficas, etc.)."
"Berlinen duen estudioa, Studio Olafur Eliasson, lan-eremu bat da, baina baita elkartzeko eta elkarrizketarako gune bat ere. Bertan, eskarmentu handiko askotariko artisauak, arkitektoak, artxibozainak, ikertzaileak, administratzaileak, sukaldariak, programatzaileak, arte-historialariak eta teknikari espezializatuak biltzen dira.","Su estudio de Berlín, Studio Olafur Eliasson, es un espacio de trabajo, pero también de encuentro y diálogo, que reúne a un equipo variado de experimentados artesanos, arquitectos, archiveros, investigadores, administradores, cocineros, programadores, historiadores del arte y técnicos especializados.","Su estudio en Berlín, Studio Olafur Eliasson, es un campo de trabajo, pero también un espacio de encuentro y diálogo donde se reúnen artesanos, arquitectos, archiveros, investigadores, administradores, cocineros, programadores, historiadores artísticos y técnicos especializados."
"Bitarteko kernela kudeatzen duen sistema eragilearen helburuetako bat, hardwarearekiko sarbidea babestean eta hardwarearen lokalizazio baliabideak ondo kudetzean datza. Honek programatzaileak laguntzen ditu zeren eta honi esker ez dira gauza horietaz arduratu behar.","Uno de los propósitos del sistema operativo que gestiona el núcleo intermediario consiste en gestionar los recursos de localización y protección de acceso del hardware, hecho que alivia a los programadores de aplicaciones de tener que tratar con estos detalles.","Uno de los objetivos del sistema operativo que gestiona el núcleo intermedio consiste en proteger el acceso al hardware y en controlar bien los recursos de localización del hardware, lo que ayuda a los programadores porque no hay que ocuparse de esas cosas."
"Ekainaren 23a - Vinton Cerf, estatubatuar programatzailea eta Interneten aitzindaria.",23 de junio: Albert Pintat cine y guionista argentino.,"23 de junio - Vinton Cerf, programador estadounidense y pionero en Internet."
1997tik Bartzelonako Harlem Jazz Club-eko “Constes i Cuentos” helduentzako ipuin-zikloaren programatzailea da. Pirinioetan egiten duten “Un Río de Cuentos” Kontalarien Nazioarteko Topaketaren zuzendaria da. Irratiko “Contes i Cuentos” programa zuzendu eta gidatzen du.,"Desde el año 1997 es programadora del ciclo de cuentos el programa de radio ""Contes i Cuentos"" dedicado a los cuentos, a los narradores de cuentos y al arte de narrar.","Desde 1997 es programador de un ciclo de cuentos para adultos en el Harlem Jazz Club de Barcelona, que dirige y dirige el programa  ~Contes i Cuentos1900, un encuentro Internacional de narradores que se celebra en los Pirineos."
Urtean zehar gutxienez sei kontzertu antolatzen dituzten musika-programatzaileak baino ez dira aintzat hartu.,Solamente se consideraran los programadores musicales que organicen un mínimo de 6 conciertos repartidos a lo largo del año.,Se han tenido en cuenta únicamente los programadores de música que organizan al menos seis conciertos a lo largo del año.
"Diseinu baten arabera arkitektura antolatuak sortzeak informazioa maila molekularrean erabiltzea eskatzen du, molekulen programatzaileak izango bagina bezala. Horrela, kimika eta informatika lotzen dira.","Esta generación de arquitecturas organizadas según un diseño requiere que manejemos información a nivel molecular, algunas que únicamente representan un mundo de todos los que todavía están esperando a que los creemos.","La creación de arquitecturas organizadas según un diseño requiere el uso de la información a nivel molecular, como si fuéramos programadores de moléculas, conectando química e informática."
• Fabrikazio mekanikoko sistema automatizatuen programatzailea.,• Programador de sistemas automatizados en fabricación mecánica.,• Programador de sistemas automatizados de fabricación mecánica.
"Jarduerak Jarduerak informatikaria, fisikaria, programatzailea, unibertsitateko irakaslea, web developerra, ingeniaria eta asmatzailea","Informático teórico, físico, programador, profesor universitario, desarrollador web (desde 1989), ingeniero e inventor","Actividades Informática, Físico, programador, profesor universitario, web developer, ingeniero e inventor"
"Japoniako finantza egunkari handiena den Nikkei-ko edizio laguntzailea izan zen hamar urtez Iparramerika eta Hegoamerikako egoitzan. Zinemagintza munduan 2000ko hamarkada hasieran murgildu zen, filma idazle eta elkarrizketatzaile bezala New Yorken, eta Torontoko (Kanada) Sinsedai Cinema Festival-eko programatzailea lanean ere bai.","Durante diez años, fue asistente editorial de Nikkei, el mayor periódico financiero de Japón, en la sede de la empresa los esfuerzos del fotógrafo de fama mundial Miyako Ishiuchi por filmar las pertenencias personales de la artista Frida Kahlo que han pasado inadvertidas durante 58 años.","Durante diez años fue colaborador de Nikkei, el mayor periódico financiero del Japón, en la sede norteamericana y sudamericana. En el mundo cinematográfico se sumergió a principios de los años 2000, como escritor y entrevistador en Nueva York y programador del Sinsedai Cinema Festival de Toronto (Canadá)."
"Akreditazio profesionala zinemaren eta ikusentzunezko sormenaren esparruko profesionalentzat erreserbatuta dago modu esklusiboan (ekoizpenetxeak eta banaketaetxeak, errealizadoreak eta programatzaileak) nahiz hirugarren zikloko ikasleentzat (ikusentzunezko ikasketa espezifikoak).","La acreditación profesional está reservada exclusivamente a profesionales del ámbito del cine y la creación audiovisual (productoras y distribuidoras, realizadores y programadores), así como a graduados o licenciados en estudios específicos de audiovisual.","La acreditación profesional está reservada de forma exclusiva a profesionales del ámbito del cine y la creación audiovisual (ausencias y centros de distribución, realizadores y programadores) y al alumnado del tercer ciclo (estudios audiovisuales específicos)."
"Euskal AEn programatutako kontzertuak, artistaren/taldearen jatorriaren arabera agentzia programatzailearen tipologiaren arabera",Conciertos programados en la C.A. de Euskadi por origen del artista/grupo según tipología de la agencia programadora,Conciertos programados en la C.A. de Euskadi por tipología de agencia programadora según el origen del artista/grupo
"BrickOS instrukzioen eta programen liburutegia da, programatzaileari zuzenean blokearen BIOSra sartzen uzten diona eta han, nukleo eragilea eta blokeak dituen baliabide guztiak estekatzeko beharrezko liburutegiak dituen mikro sistema eragile bat instalatzen uzten diona.",BrickOS es una librería de instrucciones y programas que permiten al programador ingresar de forma directa a la BIOS del bloque y allí instalar un micro sistema operativo con su respectivo núcleo operativo y librerías necesarias para enlazar todos los recursos que dispone el bloque.,BrickOS es una biblioteca de instrucciones y programas que permite al programador entrar directamente a la BIOS del bloque y instalar un microsistema operativo que dispone de la biblioteca para conectar el núcleo operativo y todos los recursos que dispone.
"Dohaintzarik egin behar ez duzun bitartean, programatzailea esan ohi da ""Hey!","Si bien no tiene que donar, el programador básicamente dice: ""¡Hola!","Mientras no tienes que hacer donaciones, el programador se llama ""¡Hola!"
"Gaur egun, kazetari elektronikoak, diseinatzaileak eta programatzaileak elkarren ondoan aritzen dira lanean, mundu guztiarengana iristeko asmoz.","En la actualidad, periodistas electrónicos, diseñadores y programadores, entre otros profesionales, trabajan codo con codo para llegar a todo el mundo.","En la actualidad, periodistas electrónicos, diseñadores y programadores trabajan juntos para llegar a todo el mundo."
"[Diru horrekin, kazetariari, programatzaileari eta bistaratzaileari ordainduko zaie] BIRKALIFIKATZEKO ERRETZEN AL DA?","[Con este dinero se pagará al periodista, al programador y al visualizador] ¿SE QUEMA PARA RECALIFICAR?","[Con este dinero, se pagarán al periodista, programador y visualista] ¿Y SE REHARÁ A LA RECAUDACIÓN?"
"Joera berriei jarraiki, adimen artifizialeko algoritmoen bidez robot batek posible du ikastea, programatzaileak horretarako sekuentzia osoa sartu gabe ere.",La nueva tendencia es que los algoritmos de inteligencia artificial permiten al robot aprender sin necesidad de que el programador haya introducido la totalidad de la secuencia de lo que tiene que hacer.,"Siguiendo las nuevas tendencias, a través de algoritmos de inteligencia artificial un robot puede aprender, incluso sin que el programador introduzca la secuencia completa para ello."
"Herrialde gehienetan, programatzailea lan kategoria ezaguna ere bada.","En muchos países, el/la programador/a es también una categoría profesional reconocida.","En la mayoría de los países, el programador también es una categoría de trabajo conocida."
"Nori zuzenduta (edonor, programatzaileak, ekologistak…)","Dirigido a (cualquiera, programadores, ecologistas…)","Dirigido a quién (onor, programadores, ecologistas...)"
"Ohi den bezala, Zinemaldiko lehen larunbatean laburren ekipoak eta zenbait zinemalditako programatzaileak bildu genituen emanaldi itxi batean, eta jaialdiko itxiera egunean lehen aldiz hiru film labur proiektatu zituzten Belodromoko pantaila erraldoian.","Como marca la tradición, el primer sábado del Zinemaldi juntamos a los equipos de los cortos y a algunos programadores en una proyección privada, y por primera vez proyectaron tres cortometrajes en la clausura del Festival.","Como es habitual, el primer sábado del Festival reunimos en una sesión cerrada equipos cortos y programadores de festivales, y el día del cierre del festival proyectaron por primera vez tres cortometrajes en la pantalla gigante del Velódromo."
"Gaur egun, kazetari elektronikoak, diseinatzaileak eta programatzaileak elkarren ondoan aritzen dira lanean, mundu guztiarengana iritsi aldera”.","En la actualidad, periodistas electrónicos, diseñadores y programadores, entre otros profesionales, trabajan codo con codo para llegar a todo el mundo”.","En la actualidad, periodistas electrónicos, diseñadores y programadores trabajan codo a codo para llegar a todo el mundo."
"Nahiz eta begizta mota desberdinak egon, denak dira funtzio berdinak egiteko gai. Programatzailearen beharraren araberakoa da zein erabiliko duen erabakitzea.","Hay que decir que a pesar de que existan distintos tipos de bucles, todos son capaces de realizar exactamente las mismas funciones.","Aunque existen diferentes tipos de bucles, todos son capaces de realizar las mismas funciones. La necesidad del programador depende de cuál lo utilice."
"– Maria Luisa Municio, Valladolideko CinHomo Jaialdiaren programatzailea eta buruetako bat.","Como diseñador, las cabezas visibles del Festival CinHomo de Valladolid.","- María Luisa Municio, programadora y uno de los líderes del Festival Cin Homo de Valladolid."
"BBK-k egin du beka-deialdia bere laugarren BBK BOOTCAMP campuserako; prestakuntza-sistema trinko hau AEBetatik Euskadira ekarria da, errekorrezko denboran aditu programatzaileak prestatzeko","BBK ha abierto la convocatoria de becas para su cuarto campus BBK BOOTCAMP, un intensivo sistema formativo importado desde EEUU a Euskadi para formar en tiempo récord expertos programadores","BBK ha realizado una convocatoria de becas para su cuarto campus BBK BOOTCAMP, un sistema intensivo de formación que viene de EEUU a Euskadi para formar expertos programadores en tiempo récord"
1997tik Bartzelonako Harlem Jazz Club-eko “Constes i Cuentos” helduentzako ipuin-zikloaren programatzailea da. Pirinioetan egiten duten “Un Río de Cuentos” Kontalarien Nazioarteko Topaketaren zuzendaria da.,"Desde el año 1997 es programadora del ciclo de cuentos para adultos ""Contes i Cuentos"" del Harlem Jazz Club Cree que la narración oral es un arte, el arte de la relación a través de la palabra.","Desde 1997 es programador de un ciclo de cuentos para adultos de Harlem Jazz Club en Barcelona, con la presencia de la directora del Encuentro Internacional de Relatos Río de Cuentos1900 que se celebra en los Pirineos."
"MOODLE-KO SARBIDEA Business Enpresen behar espezifikoei egokitutako prestakuntza profesionalei zuzendua: programatzaileak, sistemen administratzaileak, diseinatzaileak, etab.",ACCESO A MOODLE Business Servicios de formación adaptados a las necesidades específicas de las empresas,"ACCESO DE MOODLE dirigido a formación profesional adaptada a las necesidades específicas de Business: programadores, administradores de sistemas, diseñadores, etc."
"Kategoria:Bideojoko programatzaileak - Wikipedia, entziklopedia askea. Laguntza","Categoría:Programas de radio de Filipinas - Wikipedia, la enciclopedia libre","Categoría: Programadores de videojuegos - Wikipedia, enciclopedia libre. Ayuda"
"Proiekzioekin batera hitzaldiak ere izango dira; haietan Losierrek luze eta zabal esplikatuko ditu bere elkarlanen nondik norakoak, bere prozedura kreatiboak eta abangoardiako zinemaz duen ezagutza; horiek guztiak eraman du erakusketa eta zikloen kultur programatzailea izatera New Yorkeko Alliance Française Institutuan, baita maila goreneko zenbait artegune eta jaialditan ere.","Las proyecciones se acompañarán de charlas en las que Losier explicará profusamente las claves de sus colaboraciones, sus procedimientos creativos y su conocimiento del cine de vanguardia, que la han llevado a ejercer como programadora cultural de exposiciones y ciclos en el Instituto de la Alianza Francesa de Nueva York, entre otros centros de arte y festivales de primer orden.","Junto a las proyecciones también habrá conferencias en las que Losier explicará extensamente los pormenores de sus colaboraciones, sus procedimientos creativos y su conocimiento del cine de vanguardia, todo ello llevado a ser programador cultural de exposiciones y ciclos en el Instituto Alliance Française de Nueva York, así como a algunos de los centros artísticos y festivales de mayor categoría."
"FSFk gainera programatzaileak kontratu zituen GNU proiektuan lan egiteko, baina garapenaren zati handi bat (eta honela jarraitzen du izaten) bolondresek egin zuten.","La FSF también contrató programadores para contribuir a GNU, aunque una porción sustancial del desarrollo fue (y continúa siendo) producida por voluntarios.","La FSF había contratado además a los programadores para trabajar en el proyecto GNU, pero buena parte del desarrollo (y sigue siendo así) lo hicieron voluntarios."
"Musikari eta programatzaileak, aukera baten bila","Músicos y programadores, en busca de oportunidades","Músicos y programadores, buscando una opción"
Programatzailea bazara eta erronkak gustatzen bazaizkizu...,Si eres programador/a y te gustan los retos…,Si eres programador y te gustan los retos...
"Irabazleak 36 urteko Josetxo Pérez Fernández, sistema-administratzailea eta Pedro Domecq Aguirre, 45 urtetako programatzailea, hiru dimentsiotako espezialista eta sare-administratzailea.","El ganador ha sido un equipo formado por Josetxo Pérez Fernández, de 36 años, administrador de sistemas y Pedro Domecq Aguirre, 45 años, programador, especialista en datos 3D y administrador de redes.","Los ganadores fueron Josetxo Pérez Fernández de 36 años, administrador de sistemas y Pedro Domecq Aguirre, programador de 45 años, especialista en tres dimensiones y administrador de redes."
Fabrikazio mekanikoko sistema automatizatuen programatzailea.,Programadora o Programador de sistemas automatizados en fabricación mecánica.,Programador de sistemas automatizados de fabricación mecánica.
"Artistei laguntasuna emateko PICA egitasmo intentsiboan aukeratutako 16 pertsonak, Pyrenart proiektuko kide diren erakundeak –biak ere Bilboko Udala kide duten ekimenak–, nazioarteko programatzaileak eta artistak gaur arratsaldetik aurrera elkartuko dira, ikuskizunetan eta tailerretan eta lan saioetan.","Las 16 personas seleccionadas en el proyecto intensivo de acompañamiento de artistas PICA, las entidades socias del proyecto Pyrenart, –iniciativas en las que participa el Ayuntamiento de Bilbao–programadores internacionales y artistas se darán cita desde esta tarde, tanto en espectáculos como en talleres y sesiones de trabajo.","16 personas elegidas en el programa intensivo PICA, las entidades que forman parte del proyecto Pyrenart -las dos también del Ayuntamiento de Bilbao, programadoras internacionales y artistas se reunirán a partir de esta tarde en espectáculos y talleres y sesiones de trabajo."
"Ukraniako Aleksandr Balagura zinemagileak, Italiako Daniele Dottorini kritikariak eta programatzaileak, Frantziako Alain Fleischer zuzendariak, Ipar Amerikako Toby Lee artistak eta Argentinako Vivi Tellas dramagileak osatuko dute Punto de Vista Jaialdiaren hamaikagarren edizioaren Nazioarteko Epaimahaia.","Aleksandr Balagura, Daniele Dottorini, Alain Fleischer, Toby Lee y Vivi Tellas integrarán el Jurado Fleischer, la artista norteamericana Toby Lee y la dramaturga argentina Vivi Tellas serán los miembros del Jurado Internacional de esta undécima edición del Festival Punto de Vista.","El cineasta ucraniano Aleksandr Balagura, el crítico y programador Daniele Dottorin de Italia, el director francés Alain Fleischer, el artista norteamericano Toby Lee y el dramaturgo vasco Vivi Tellas, constituirán el Jurado Internacional de la undécima edición del Festival Punto de Vista."
Programatzailea konputagailuak uler dezakeen programazio lengoaia erabiliz prototipoak ezartzeaz arduratzen da.,"El programador se encarga de la implementación de prototipos mediante un lenguaje de programación, que compilados pueda entender la computadora.",El programador se encarga de establecer prototipos utilizando el lenguaje de programación que la computadora puede entender.
"Legoaiaren sortzaileak, Yukihiro ""Matz"" Matsumoto, programatzailea dibertitzeko eta bere produktibitatea zabaltzeko diseinatuta dagoela esan du, erabiltzaileentzat interface ona diseinuko printzipioa jarraituz[1] Gizakien beharrak makinenak baino gehiago kontuan hartu behar direla pentsatzen du:[2] «","El creador del lenguaje, Yukihiro ""Matz"" Matsumoto, ha dicho que Ruby está diseñado para la productividad y la diversión del desarrollador, siguiendo los principios de una buena interfaz de usuario.[1] Sostiene que el diseño de sistemas necesita enfatizar las necesidades humanas más que las de la máquina:[2]","El creador del legoa, Yukihiro ""Matz"" Matsumoto, ha señalado que el programador está diseñado para divertirse y difundir su productividad, siguiendo el principio de diseño de una buena interface para los usuarios[1] que las necesidades humanas deben tener más en cuenta que las de las máquinas:[2] }"
Programatzailearen zeregin bakarra analistaren argibideak ordenagailuak egikaritu ditzakeen kodeetan ezartzea da.,El programador cuya única función consistía en trasladar las especificaciones del analista en código ejecutable para la computadora.,La única función del programador es establecer las instrucciones del analista en los códigos que puede ejecutar el ordenador.
"Irratiko programatzailea eta zinema zalea izan zen; hamalau filmetan parte hartu zuen, paper garrantzitsuak ere bete izan zituelarik.","Fue programador de radio y gran aficionado al cine, actuó en catorce películas, llegando a interpretar papeles estelares.","Fue programador de radio y aficionado al cine; participó en catorce películas, desempeñando importantes papeles."
Antzerki programatzaileak Dantza tailerrak,Organizador de espectáculos de danza,Talleres de danza programadores de teatro
"Oinarrizko programazioko kontzeptuak, ikasketa modularrak, interaktibotasuna eta guztiz guztiz pertsonalizagarria den zentzu handiak, zer moduz aldatu beharko litzatekeen programatzailea?","Conceptos básicos de programación, aprendizaje modular, interactividad y una gran dosis de ternura que es casi completamente personalizable, ¿qué más necesitaría el programador en ciernes?","Los conceptos de programación básica, los estudios modulares, la interacción y los grandes sentidos totalmente personalizables, ¿cómo se debería cambiar el programador?"
"Jarduera “berezia” da, baina beste jarduera ugari multzokatzen dituena ere bai: “komisarioa” programatzailea, ekoizlea, kritikoa, irakaslea, idazlea… ere bada, edo Serge Daneyren hitzetan, passeurra.","Actividad “singular”, es también un compendio de muchas otras actividades: el “comisario” es a la vez programador, productor, crítico, docente, escritor… o en palabras de Serge Daney, passeur.","La actividad es especial. Pero también es una actividad que agrupa otras muchas actividades: el programador 1977comisario GNU, el productor, el crítico, el profesor, el escritor... o, según Serge Daney, el passeur."
"Tess Renaudo (Bartzelona) L’Alternativa, Bartzelonako Zinema Independente Jaialdia, zuzendaritza-taldeko kideetako bat da eta jaialdiko programatzailea da lehiaketako filmak koordinatzeaz gain.",Tess Renaudo (Barcelona) forma parte del equipo directivo de del festival además de coordinar los films a competición.,"El Festival de Cine Independiente de Barcelona Tess Renaudo (Barcelona), es uno de los miembros del equipo directivo y es programador del festival además de coordinar las películas del certamen."
"[Diru horrekin, kazetariari, programatzaileari eta bistaratzaileari ordainduko zaie] KUDEAKETA-PLANIK EZ.","[Con este dinero se pagará al periodista, al programador y al visualizador] SIN PLANES DE GESTION.","[Con este dinero, se abonarán al periodista, programador y visualista] POR PLANES DE GESTIÓN."
"Gaur bertan, programatzaileak eta sortzaileak elkarrekin hasiko dira lanean han.","Hoy mismo, programadores y creadores comenzarán a trabajar juntos allí.","Hoy mismo, los programadores y creadores comenzarán a trabajar juntos."
CNCko programatzailea.,Programadora o Programador de CNC.,Programador de CNC.
"Hasiera Albisteak Larraioz enpresa gipuzkoarrak Diasporako teknikari, ingeniari eta programatzaileak eskatzen ditu; CVak urriaren 31era arte","busca en la Diáspora técnicos/as, ingenieros/as y programadores/as; envío de CVs hasta el 31/10","Inicio Noticias La empresa guipuzcoana Larraioz solicita técnicos, ingenieros y programadores de la Diáspora, hasta el 31 de octubre"
Zure gailuaren overclockinga hackeatu duen programatzailea naiz.,Soy el programador que hackeó el 0C de su dispositivo.,Soy el programador que hackeó el overclocking de su dispositivo.
"Autonomoa, enpresaburua, abokatua, merkataria, freelancea, arkitektoa, programatzailea, aholkulari fiskala… zarena zarela ere, zeure kabuz lan egiten duzun emakumea bazara, anima zaitez!","Para quién: autónoma, empresaria, artista, abogada, comerciante, freelance, arquitecta, programadora, asesora fiscal, …seas quien seas, si trabajas por tu cuenta, ¡anímate!","Autonómico, empresario, abogado, comerciante, freelance, arquitecto, programador, asesor fiscal... ¡si eres una mujer que trabajas por tu cuenta, anímate!"
"FSFk gainera programatzaileak kontratu zituen GNU proiektuan lan egiteko, baina garapenaren zati handi bat (eta honela jarraitzen du izaten) boluntarioek egin zuten.","La FSF también contrató programadores para contribuir a GNU, aunque una porción sustancial del desarrollo fue (y continúa siendo) producida por voluntarios.","La FSF había contratado además a los programadores para trabajar en el proyecto GNU, pero buena parte del desarrollo (y sigue siendo así) lo hicieron voluntarios."
Erabili Hootsuite bezalako programatzaileak zure mezuak antolatzeko.,Usa programadores como Hootsuite para programar tus publicaciones.,Utiliza programas como Hootsuite para organizar tus mensajes.
"Batzorde hori Koldo Almandoz zinemagile eta kazetariak, Özge Calafato kazetari eta zinema-programatzaileak, Alexei Dmitriev zinemagileak eta Guillermo G. Peydró zinemagileak osatzen dute.","Este comité está integrado por el cineasta y periodista Koldo Almandoz, la periodista y programadora de cine Özge Calafato, el cineasta Alexei Dmitriev y el cineasta Guillermo G. Peydró.","Esta comisión está formada por el cineasta y periodista Koldo Almandoz, el periodista y programador de cine ugatzge Calafato, el cineasta Alexei Dmitriev y el cineasta Guillermo G. Peydró."
"Carlos Romero Nave 9 aretoaren arduraduna da. Musika-programatzailea da, eta ibilbide aitortua du Bilboko musikaren esparruan.","Carlos Romero, es el responsable de Nave 9, programador musical del Museo y que cuenta con una reconocida trayectoria en ámbito musical de Bilbao.","Carlos Romero Nave es responsable de la sala 9, programadora musical con un recorrido reconocido en el ámbito de la música de Bilbao."
"Horretarako, ilustratzaileak eta programatzaileak, idazleak eta irakurleak, jokalariak eta kontalariak jarriko dituzte harremanetan.","Para ello, contarán con la participación de ilustradores y programadores; escritores y lectores; jugadores...","Para ello, se pondrá en contacto a ilustradores y programadores, escritores y lectores, jugadores y narradores."
PLC Programazioa Berritek esperientziadun programatzaileak edo PLC PLC talde bat du.,Programación de PLC Berritek cuenta con un experimentado equipo de programadores de autómatas o PLCs.,La Programación PLC Berrit cuenta con un programador con experiencia o grupo PCC.
"Plataformak mahaigaineko aplikazioentzat komunak diren zerbitzuak eskaintzen ditu, programatzaileari bere aplikazioaren kodigo zehatzean lan egitea errazten, gainontzeko programazioa plataformak berak eskaintzen baitu.","La plataforma ofrece servicios reusables comunes para las aplicaciones de escritorio, permitiendo a los desarrolladores centrarse en la lógica de sus aplicaciones.","La plataforma ofrece servicios comunes a las aplicaciones del escritorio, facilitando al programador el trabajo en el código específico de su aplicación, ya que el resto de programación lo ofrece la propia plataforma."
"Ez dira bateraezinak, programatzailearen ikuspuntutik biak eman daitezke aldi berean.","Creo que no son incompatibles, que pueden coexistir desde el punto de vista del programador.","No son incompatibles, pueden darse ambas a la vez desde el punto de vista del programador."
Ekintza honek programatzaileak korporaziotik at lagatzen ditu.,"En efecto, esto deja a los programadores fuera de la compañía.",Esta acción deja fuera de la corporación a los programadores.
Bertsio eskuragarri daude sistema sustatzaile eta programatzaileak .,Las versiones están disponibles para los desarrolladores de sistemas y programadores .,Las versiones disponibles son los sistemas promotores y programadores.
"John Hall (Sarean, ""Maddog"" ezizenez ezaguna) ingeniari eta programatzailea software askearen eremuan pertsonaiarik nabarmenenetako bat izateaz gainera, horren hedakuntzan aktibista historikoa da.","John Hall, conocido en la Red por el apodo ""Maddog"", ingeniero y programador legendario, es una de las personalidades más relevantes en el ámbito del software libre y un histórico activista en su difusión.","El ingeniero y programador John Hall, conocido como ""Maddog"", además de uno de los personajes más destacados en el campo del software libre, es un activista histórico en su difusión."
"Iturburu-programa itzuli eta era iraunkorrean konpilazioan sortzen den objektu-kodea grabatu beharrean, programatzaileak soilik iturburu programa eta prozesatuko diren datuak soilik kargatzen ditu konputagailuan.","En lugar de traducir el programa fuente y grabar en forma permanente el código objeto que se produce durante la compilación para utilizarlo en una ejecución futura, el programador solo carga el programa fuente en la computadora junto con los datos que se van a procesar.","En lugar de traducir el programa fuente y grabar el código objeto que se produce en la compilación de forma sostenible, el programador sólo carga en su equipo el programa fuente y los datos que se procesarán."
"Kultura hartan, softwarearen programatzaileak eta garatzaileak beraien artean libreki programak elkartrukatzea arrunta zen.","En dicha cultura, era común que los programadores y desarrolladores de software compartieran libremente sus programas unos con otros.","En aquella cultura, el intercambio de programas libremente entre los programadores y desarrolladores del software era común."
"Profesioak urteak eta urteak daramatza lanean (sortzaileak eta konpainiak aipatzeaz gain, kudeatzaileak eta programatzaileak ere aipatu nahi ditut), jendearekin konprometituta, gogotik lanean kreazioak eta programazioak aurrera ateratzeko ahaleginetan eta, egia da, hogeita hamar urte pasa eta gero agertoki ugari ditugu eta maila artistiko ona lortu dugu, baina, hori, gaur, ez da nahikoa.","La profesión (y me refiero no solo a creadores o compañías sino también a gestores y programadores) lleva años comprometida en su trabajo, comprometida con el público, dejándose la piel en sus creaciones y programaciones y, es verdad, después de treinta años contamos con un importante número de escenarios y hemos alcanzado un buen nivel artístico pero, esto, hoy, no es suficiente.","La profecía lleva trabajando años y años (no sólo hace mención de creadores y compañías, sino también de gestores y programadores), comprometidos con la gente, tratando de sacar adelante las creaciones y programaciones, y es cierto que después de treinta años tenemos muchos escenarios y hemos alcanzado un buen nivel artístico, pero eso hoy no es suficiente."
"1972: Karen Spärck Jones (1935etik 2007 arte), informazioaren berreskuratzean eta lengoaia naturalaren prozesamenduan aitzindaria. 1979: Carol Shaw (?), Joko-diseinatzailea eta programatzailea Atari Corp. eta Activision enpresetan.","1972: Karen Spärck Jones, pionera de recuperación de información y procesamiento del convirtiéndose de ese modo en la primera mujer diseñadora de videojuegos por sus trabajos Polo, que finalmente no llegó a publicarse, quedándose en mero prototipo.[18]","1972: Karen Spärck Jones (desde 1935 hasta 2007), pionera en la recuperación de la información y procesamiento del lenguaje natural. 1979: Carol Shaw (?), diseñador y programador de juegos en las empresas Portal Corp. y Activision."
Analista eta programatzaileen arteko komunikazio arazoa dela eta (dokumentu bat ez da nahikoa zer egin nahi den azaltzeko) beste lan kategoria bat sortu zen analista-programatzailea deiturikoa.,"De manera que la lo que se quiere hacer) dio origen a una categoría de profesional intermedia, denominada analista-programador.",Debido al problema de comunicación entre analistas y programadores (un documento no es suficiente para explicar lo que se quiere hacer) surgió otra categoría de trabajo llamada analista programadora.
"Mar de Platako (Argentina) zinemaldiko programatzailea denez, bere esperientziaz arituko da eta 90. hamarkada amaieratik gaur arte zinema argentinarraren ibilbidea erakusteko film zatiak proiektatuko ditu.","Como es programadora del festival de Mar de Plata, hablará de su experiencia allí y mostrará fragmentos que muestren la trayectoria del cine argentino desde finales de los noventa hasta la actualidad.","Como programador del Festival de Cine de Mar de Plata (Argentina), ofrecerá desde finales de la década de los 90 fragmentos de películas para mostrar la trayectoria del cine argentino."
"Fedea dugu lankidetzan eta hainbat eremutako profesionalekin partekatzen dugu gure lana (argazkilariak, programatzaileak, arkitektoak, ilustratzaileak, idazleak...), proiektuak eskatzen duenean.","Creemos en la colaboración y compartimos nuestro trabajo con profesionales de diversos ámbitos (fotógrafos, programadores, arquitectos, ilustradores, escritores…), cuando el proyecto lo requiere.","Tenemos fe en la colaboración y compartimos nuestro trabajo con profesionales de diferentes ámbitos (fotografías, programadores, arquitectos, ilustradores, escritores...) cuando el proyecto lo requiere."
"Oro har, erabat burututako lanak izaten dira, orotariko sektoreetan: programatzaileak, web-orrien diseinatzaileak eta baita edukien idazlariak ere izaten dira.","Por lo general, se trata de encargos “llave en mano” en sectores muy diferentes: desde programadores hasta diseñadores de páginas web o redactores de contenidos.","En general, son trabajos totalmente realizados en todos los sectores: programadores, diseñadores de páginas web, así como escribas de contenidos."
"Iparraldeko euskal dantza munduko eragileen errepertorioa kategoriatan sailkatuak (taldeak, koregrafoak, programatzaileak, formatzaileak, baliabide zentroak...).","Todo un repertorio de actores de la danza vasca en el País Vasco norte (coreógrafos y compañías, programadores, centros de recursos...).","El repertorio de los actores del mundo de la danza vasca en Iparralde se clasifica en categorías (grupos, coreógrafos, programadores, formadores, centros de recursos...)."
"Azokarako akreditazioa nahi duten profesionalentzat da izen-ematea (programatzaileak, konpainiak, banatzaileak, prentsa, erakundeak...).","Esta inscripción es para aquellos/as profesionales (programadores, compañías, distribuidores, prensa, instituciones…) que quieran acreditarse en la Feria.","La inscripción es para los profesionales que deseen acreditación para la feria (programadores, compañías, distribuidores, prensa, instituciones...)."
"Gigalight ECOC 2016n Cloud Programatzailea erakutsi du Shenzhen, Txina, iraila 28, 2016 - ECOC 2016 urteko ekitaldia C Convention C ospatu zen...","Shenzhen, China, septiembre 28, 2016 - El gran evento anual ECOC 2016 se realizó en la Convención C...","Gigalight ECOC 2016 muestra al Programador Cloud en Shenzhen, China, 28 septiembre, 2016 - ECOC 2016, un evento anual celebrado en C Convention C..."
"Gigalight Interkonexio optikoko diseinu optiko orokorra da, diseinatu, fabrikatu eta hornitzen dituena Transkriptore optikoak, osagai pasiboak, kable optiko aktiboak, MTP / MPO kableak, laino programatzaileak eta zuzentzaileak, eta modulu optiko koherenteak eta abar, hiru aplikazio nagusi: Data Center eta Cloud Computing, Metro & Broadcast Network, eta Wireless & 5G Optical Network.","Quienes Somos Gigalight Gigalight es un innovador de diseño de interconexión óptica global que diseña, fabrica y suministra transceptores ópticos, componentes pasivos, cables ópticos activos, Cableado MTP / MPO, programadores y verificadores en la nube y módulos aprovecha las ventajas del diseño exclusivo para proporcionar a los clientes dispositivos de red óptica de ventanilla única y productos rentables.","Gigalight es un diseño óptico general de interconexión óptica que diseña, fabrica y proporciona transcriptores ópticos, pasivos, cables ópticos activos, MTP / MPO cables, nieblas programadoras y correctoras, y módulos ópticos coherentes, etc., tres aplicaciones principales: Data Center y Cloud Computing, Metro & Broadcast Network, y Wireless & 5G Optical Network."
"Dakigunez, Moodle eten gabe garatzen ari den elkarlana da eta hainbat programatzaileak ezartzen dizkiete ondoren Moodle-ren bertsio berriak osatuko dituzten modulu berriak.",Como sabemos Moodle es un proyecto colaborativo en constante desarrollo al que diferentes programadores incluyen módulos nuevos que con el tiempo generan nuevas versiones de Moodle.,"Como sabemos, Moodle es una colaboración que se está desarrollando ininterrumpidamente y que les impone varios programadores, tras lo cual, los nuevos módulos que van a configurar las nuevas versiones de Moodle."
"Gigalight Bezeroentzako software liburuaren bertsio publikoetako bertsioa eskaintzen du dohainik, hodei-programatzailea erosten duzunean, doan eskuratu dezakezu bateragarritasun-kode publiko guztiak Gigalight Hodeiko zerbitzaria, eta kodeak datu-basean eguneratu egingo dira.","Gigalight proporciona la versión de códigos de compatibilidad pública del software cliente de forma gratuita; una vez que compra el programador en la nube, puede obtener de forma gratuita todos los códigos de compatibilidad públicos almacenados en Gigalight Servidor en la nube, y los códigos se mantendrán actualizados en la base de datos.","Gigalight ofrece gratuitamente la versión de las versiones públicas del software para clientes, cuando compre el programador de nubes, puede obtener gratuitamente todos los códigos públicos de compatibilidad como servidor de Nube Gigalight y los códigos se actualizarán en la base de datos."
"2019ren udaberriaren hasieran eta 5G-en, Wuhan-en hegoalderantz Gigalight Teknologia Zentroa, Shenzhen Teknologia Zentroa eta konpainiaren marketin zentroak gurekin bat egiteaz gain, hurrengo bost urteko komunikazio optikoko negozioen aurrerapen handia diseinatu, fabrikatu eta hornitzen dituena Transkriptore optikoak, osagai pasiboak, kable optiko aktiboak, MTP / MPO kableak, laino programatzaileak eta zuzentzaileak, eta modulu optiko koherenteak eta abar, hiru aplikazio nagusi: Data Center eta Cloud Computing, Metro & Broadcast Network, eta Wireless & 5G Optical Network.","Al comienzo de la primavera de 2019 y el auge de 5G, Wuhan Gigalight El Centro de Tecnología, el Centro de Tecnología de Shenzhen y el centro de mercadeo de la compañía esperan que usted se una a nosotros y logre el gran avance de los próximos cinco años en el negocio de la comunicación óptica en el Gigalight. Quienes Somos Gigalight Gigalight es un innovador de diseño de interconexión óptica global que diseña, fabrica y suministra transceptores ópticos, componentes sCompetitividad del núcleoTrabajosContáctenos Comunidad","Además de compartir con nosotros el Centro Tecnológico Gigalight de Wuhan, el Centro Tecnológico Shenzhen y los centros de marketing de la compañía, en el inicio de la primavera de 2019 y en el sur de Wuhan, diseñan, fabrican y abastecen el gran progreso de los negocios de comunicación óptica durante los próximos cinco años, fabrican transcriptores ópticos, elementos pasivos, cables ópticos activos, MTP/ MPO, nieblas programadoras y correctoras, y módulos ópticos coherentes, etc., tres principales aplicaciones: Fecha Center y Cloud Com"
"Gure proiektuetan, diseinu-prozesuak irekitzen saiatzen gara, rol eta dikotomia tradizionalak (diseinatzailea – erabiltzailea – programatzailea – publikoa, administrazioa – herritarra, hezitzailea – ikaslea) hackeatuz, bottom up logikatik (edo behetik gorako logika) abiatuta.","En nuestros proyectos tratamos de abrir los procesos de diseño hackeando los roles y dicotomías tradicionales (diseñador/a – usuario/a, programador/a – público, administración – ciudadanía, educador/a – alumno/a) desde una lógica bottom-up o de abajo hacia arriba.","En nuestros proyectos tratamos de abrir los procesos de diseño, partiendo de la lógica bottom up (o lógica superior)."
"Zure landareak ureztatzeko beharrezko osagarri guztiak, mahuka edo garaztailuak, lorategirako ureztatze sistemak, programatzaileak, oporretarako ureztatze sistemak, ihiztailuak, lainoztagailuak, eta askoz gehiago.","Una completa sección dedicada al riego donde encontrarás desde regaderas o mangueras, hasta el jardín, programadores, riego para vacaciones, riego por goteo, accesorios para riego, aspersores, pulverizadores y mucho más.","Todos los accesorios necesarios para el riego de tus plantas, mangas o cebadas, sistemas de riego para el jardín, programadores, sistemas de riego para vacaciones, juncales, nieblas, y mucho más."
CNCko programatzailea.,Programador de CNC.,Programador de CNC.
"Ling Tan diseinatzailea, sortzailea eta programatzailea da.","Ling Tan es diseñadora, creadora y programadora.","Ling Tan es diseñador, creador y programador."
"Datu zentroan ezinbesteko helburuen arabera, Gigalight Internet bidezko operadoreak kable bidezko eta kudeaketa optikoko irtenbide eraginkor eta kostu txikiko irtenbideak eskaintzen ditu, konexio optikoa, seinaleen azterketa eta jarraipena, datu zentroen abiadura optikoa berritzea eta lotura zirkuituaren automatizazio hornitzen dituena Transkriptore optikoak, osagai pasiboak, kable optiko aktiboak, MTP / MPO kableak, laino programatzaileak eta zuzentzaileak, eta eta abar, hiru aplikazio nagusi: Data Center eta Cloud Computing, Metro & Broadcast Network, eta Wireless & 5G Optical Network.","Gigalight los productos ingeniería de centros de datos. Por el objetivo vital en el centro de datos, Gigalight se esfuerza por brindar a los operadores de Internet una solución efectiva y de bajo costo de cableado y gestión óptica, interconexión óptica, prueba y monitoreo de señales, actualización fluida de la velocidad óptica del centro de datos y vigilancia de automatización del circuito de enlace.","En el centro de datos, el operador por Internet Gigalight ofrece soluciones eficientes y de bajo coste a través del cable y la gestión óptica, de conexión óptica, de análisis y seguimiento de señales, de renovación de la velocidad óptica de los centros de datos y de automatización del circuito de conexiones, de transcriptores ópticos, de componentes pasivos, de cables ópticos activos, MTP / MPO de cable, de nieblas programadoras y correctoras, etc., tres aplicaciones principales: Fecha Center y Cloudting, Metro & Broadcast Network, y Wireles"
"Ongi etorri harpidetzeko Gigalight5G buruzko informazio gehiago lortzeko mota ezberdinak diseinatu, fabrikatu eta hornitu ditugu, besteak beste, transceiver optikoak, osagai optiko pasiboak, optikozko kable aktiboak, MTP / MPO kableak eta hodei-programatzaileak eta zuzentzaileak, eta abar.","Diseñamos, fabricamos y suministramos varios tipos de productos de interconexión óptica, incluidos transceptores ópticos, componentes ópticos pasivos, cables ópticos activos, cableado MTP / MPO y programadores y verificadores en la nube, etc.","Hemos diseñado, fabricado y abastecido diferentes tipos de información sobre Gigalight5G de suscripción, como transceivers ópticos ópticos pasivos, cables activos ópticos, MTP / MPO y programadores de nubes y correctores, etc."
Analista eta programatzaileen arteko komunikazio arazoa dela eta (dokumentu bat ez da nahikoa zer egin nahi den azaltzeko) beste lan kategoria bat sortu zen analista-programatzailea deiturikoa.,"Hoy día se reconoce que este enfoque no es válido para organizar tareas de tipo intelectual, como es el desarrollo de describir lo que se quiere hacer) dio origen a una categoría de profesional intermedia, denominada analista-programador.",Debido al problema de comunicación entre analistas y programadores (un documento no es suficiente para explicar lo que se quiere hacer) surgió otra categoría de trabajo llamada analista programadora.
"Horrez gain, Le Cain zinema-programatzailea eta kritikaria da.",Le Cain también es programador de Cine y crítico.,"Además, Le Cain es programador y crítico de cine."
"1965:Mary Allen Wilkes, ordenagailu-programatzailea, etxean ordenagailu bat erabili zuen lehen pertsona eta lehen miniordenagailurako (LINC) sistema eragile bat (LAP) garatu zuen lehen pertsona.","1965: Mary Allen Wilkes, fue la primera en crear y trabajar con una computadora privada desde su casa, lo cual hace que se le considere la primera usuaria de una estas computadoras.","1965: Mary Allen Wilkes, programadora de ordenadores, primera persona que desarrolló un ordenador en su casa y un sistema operativo (LAP) para el primer miniordenador."
"Musika-programatzaileak Musika-programatzaileak Euskal AEn kokatutako erakunde publiko edo pribatuak dira, musikari profesionalen kontzertuak antolatzen dituztenak.","Se definen como programadores musicales las entidades públicas o privadas, con sede en la C.A. de Euskadi, que organizan conciertos de músicos profesionales.","Los programadores musicales son entidades públicas o privadas ubicadas en la C.A. de Euskadi, donde se organizan conciertos de músicos profesionales."
"Azken hamar urteotan, artista, kritikari zein programatzaileak diskurtso-ekoizpenerako baldintza berriak sortzeko aritu dira lanean.","En los últimos diez años, los artistas, críticos y programadores han estado invirtiendo en el establecimiento de nuevas condiciones para la producción de discurso.","En los últimos diez años, artistas, críticos y programadores han trabajado para crear nuevas condiciones para la producción del discurso."
"Albisteak Larraioz enpresa gipuzkoarrak Diasporako teknikari, ingeniari eta programatzaileak eskatzen ditu; CVak urriaren 31era arte","Noticias La empresa vasca Larraioz Elektronika busca en la Diáspora técnicos/as, ingenieros/as y programadores/as; envío de CVs hasta el 31/10","Noticias de la empresa guipuzcoana Larraioz solicita técnicos, ingenieros y programadores de la Diáspora, hasta el 31 de octubre"
"Espainiako eta Latinoamerikako programatzaileak izango dira Richard García eta Raúl Porterok zuzendu, idatzi eta protagonizatutako filmaren emanaldian.","españoles y latinoamericanos asistirán a la proyección del filme dirigido por Richard García y Raúl Portero, que también han escrito y protagonizado la película.","Los programadores de España y América Latina serán dirigidos, escritos y protagonizados por Richard García y Raúl Portero."
"Ongi diseinatu, fabrikatu eta hornitzen dituena Transkriptore optikoak, osagai pasiboak, kable optiko aktiboak, MTP / MPO kableak, laino programatzaileak eta zuzentzaileak, eta modulu optiko koherenteak eta abar, hiru aplikazio nagusi: Data Center eta Cloud Computing, Metro & Broadcast Network, eta Wireless & 5G Optical Network.","Quienes Somos Gigalight Gigalight es un innovador de diseño de interconexión óptica global que diseña, fabrica y suministra transceptores ópticos, componentes pasivos, cables ópticos activos, Cableado MTP / MPO, programadores y verificadores en la nube y módulos ópticos coherentes etc. para tres aplicaciones principales: USB","Diseño, fabricación y aprovisionamiento de transcriptores ópticos, componentes pasivos, cables ópticos activos, MTP / MPO cables, nubes programadoras y correctoras, y módulos ópticos coherentes, etc., tres aplicaciones principales: Fecha Center y Cloud Computing, Metro & Broadcast Network, y Wireless & 5G Optical Network."
Analista eta programatzaileen arteko komunikazio arazoa dela eta (dokumentu bat ez da nahikoa zer egin nahi den azaltzeko) beste lan kategoria bat sortu zen analista-programatzailea deiturikoa.,"Las dificultades de comunicación entre analistas y programadores (un mero documento no basta para describir lo que se quiere hacer) dio origen a una categoría de profesional intermedia, denominada analista-programador.",Debido al problema de comunicación entre analistas y programadores (un documento no es suficiente para explicar lo que se quiere hacer) surgió otra categoría de trabajo llamada analista programadora.
"Aurten, 25.urteurrena ospatzen da eta Tabakaleratik Anna Solà, Marta Selva (ko-zuzendariak) eta Marta Nieto (programatzailea) gonbidatu ditugu saioa aurkez dezaten.","Este año el festival cumple 25 años y desde Tabakalera invitamos a Anna Solà, Marta Selva (co-directoras) y Marta Nieto (directora de programación) a que nos presenten el festival.","Este año se celebra el 25 aniversario y hemos invitado a Anna Solà desde Tabakalera, Marta Selva (directores de euskera) y Marta Nieto ( programadora)."
"ROCE 2014 Topaketa kontzertu didaktikoak eta hezkuntza zein musikaren hedakuntzarekin harremandutako bestelako jarduerak sortu eta antolatzearekin interesaturiko erakunde, profesional eta pertsonak biltzeko gune irekia da: interpretatzaileak (musikariak, zuzendariak, aktoreak,...), irakasleak, programatzaileak, kudeatzaileak, musika ikasleak eta abar; eta baita ikuslegoa ere.","El Encuentro ROCE 2014 es un espacio abierto para reunir a instituciones, entidades, profesionales y personas interesadas en la creación y organización de conciertos didácticos y otras educación y difusión musical: intérpretes (músicos, directores, actores/actrices,...), docentes, programadores, gestores, estudiantes de música, etc., así como público en general.","El ROCE 2014 es un espacio abierto para reunir a las entidades, profesionales y personas interesadas en la creación y organización de conciertos didácticos y otras actividades relacionadas con la difusión educativa y musical: intérpretes (músicos, directores, actores...), profesores, programadores, gestores, estudiantes de música, etc. y público."
"Programatzaileak arazoa konpontzeko gaitasuna eduki arren eta hura konpondu nahi izango bazuen ere ordainean ezer eskatu gabe, kontratuak ez zion uzten softwarea hobetzen.","Aunque el programador estuviese capacitado para solucionar el problema y lo desease hacer sin pedir nada a cambio, el contrato le impedía que modificase el software.","A pesar de que el programador tenía la capacidad de resolver el problema y de tratar de solucionarlo sin exigir nada a cambio, el contrato no le permitía mejorar el software."
"[Diru horrekin, kazetariari, programatzaileari eta bistaratzaileari ordainduko zaie] SUTEEN INGURUKO GASTUAK AUTONOMIA-ERKIDEGOAREN ARABERA.","[Con este dinero se pagará al periodista, al programador y al visualizador] GASTO EN INCENDIOS POR COMUNIDAD AUTONOMA.","[Con este dinero, se abonarán al periodista, programador y visualizador] LOS GASTOS DE INCENDIOS EN AUTÓNOMIA."
Kategoria:Bideojoko programatzaileak Wikipedia(e)tik,Categoría:Programas de radio de Filipinas,Categoría: Programadores de videojuegos desde Wikipedia
"José Julián Bakedanok, zinemagile, kritikari, saiakera-idazle eta programatzaileak, Santos Zunzunegik «zinema-gizon» gisa definituak, hiru esparru landu ditu nagusiki: zinema, artea (oro har) eta euskal kultura. Haren ikus-entzunezko lanetan esperimentazioa, fikzioa eta dokumentalak aurkituko ditugu. Proiekzioak","Cineasta, crítico, ensayista, programador, José Julián Bakedano, como lo define Santos Zunzunegui, es «un hombre de cine» que ha desarrollado su trabajo en relación a tres campos de su predilección, el cine, el arte en muy diversa, discurre de lo experimental a la ficción, pasando por el documental. Proyecciones","José Julián Bakedano, cineasta, crítico, ensayista y programador, definido por Santos Zunzunegi como ""el hombre del cine"", ha desarrollado tres ámbitos: el cine, el arte (en general) y la cultura vasca. En sus obras audiovisuales encontraremos experimentación, ficción y documentales."
"Informatikaren garapenean ekarpenak egin dituzten emakumeei omenaldi gisa, merezi zuten aintzatespena jaso ez zutelako, eta lehenengo programatzailea jaio zenetik aurtengo abenduaren 10ean 200 urte betetzen direlako, hona hemen Ada Lovelace lehiaketa.","Como homenaje a las mujeres tractoras en el desarrollo de la informática, porque no se las ha tenido en consideración tal como lo merecían, y porque el 10 de diciembre se cumplen 200 años del nacimiento de la primera persona programadora… convocamos el concurso Ada Lovelace.","Como homenaje a las mujeres que han realizado aportaciones en el desarrollo de la informática, por no haber recibido el reconocimiento que merecían, y porque desde que nació el primer programador el 10 de diciembre de este año se cumplen 200 años, he aquí el concurso Ada Lovelace."
ZSM: erreprodukzio-ekipamenduak eta ordu-programatzaileak SIPekin.,Sistema ZSM: equipos reproductores y programadores horarios con SIP.,ZSM: Equipamientos de reproducción y programadores de horas con SIP.
"Adi: bitbloq 1 ikastaroa aurretik egina badaukazu edo berarekin programatzen baldin badakizu, dagoeneko eskarmentua duzun programatzailea zara eta, ondorioz, oso erraza egingo zaizu bitbloq 2 ikastea.",¡Conéctate a tierra que empezamos! Atención: Si ya has realizado el curso de bitbloq 1 o sabes programar con él ya eres un experto programador y aprender bitbloq 2 te resultará muy fácil.,"Atención: si tienes un curso de bitbloq 1 previo o sabes programar con él, eres un programador ya experimentado y, por tanto, te resultará muy fácil aprender bitbloq 2."
"Gigalight Interkonexio optikoko diseinu optiko orokorra da, diseinatu, fabrikatu eta hornitzen dituena Transkriptore optikoak, osagai pasiboak, kable optiko aktiboak, MTP / MPO kableak, laino programatzaileak eta zuzentzaileak, eta modulu optiko koherenteak eta abar, hiru aplikazio nagusi: Data Center eta Cloud Computing, Metro & Broadcast Network, eta Wireless & 5G Optical Network.","Quienes Somos Gigalight Gigalight es un innovador de diseño de interconexión óptica global que diseña, fabrica y suministra transceptores ópticos, componentes pasivos, cables ópticos activos, Cableado MTP / MPO, programadores y verificadores en la nube y módulos Resumen Anual de Trabajo...","Gigalight es un diseño óptico general de interconexión óptica que diseña, fabrica y proporciona transcriptores ópticos, pasivos, cables ópticos activos, MTP / MPO cables, nieblas programadoras y correctoras, y módulos ópticos coherentes, etc., tres aplicaciones principales: Data Center y Cloud Computing, Metro & Broadcast Network, y Wireless & 5G Optical Network."
"Laida Lertxundi zuzendari eta programatzaileak Humor en el cine feminista-queer contemporáneo zikloa aurkeztu zuen. Bestalde, Virginia Villaplana adituak eta consonni kolektibo bilbotarrak Soft zinemagile frantziar handiaren, zine antikolonialistaren aitzindarietako baten, presentzia izan zuen, baita Nastio Mosquito zuzendari eta artista plastiko mozambiketarrarena ere.",La realizadora y programadora Laida Lertxundi presento su ciclo Humor en el cine feminista-queer contemporáneo; la experta Virginia Villaplana y el colectivo bilbaíno consonni presentaron una muestra llamada Soft Fiction. La construcción de narrativas sobre deseos y fantasías sexuales de mujeres. El ciclo American Frames.,"El director y programador Laida Lertxundi presentó el ciclo Humor en el cine feminista-queer contemporane, con presencia de expertos y colectivos bilbaínos Virginia Villa, uno de los pioneros del gran cineasta francés Soft, del cine anticolonialista, así como del director y artista plástico mozambique Nastio Mosquito."
"ROCE 2014 Topaketa kontzertu didaktikoak eta hezkuntza zein musikaren hedakuntzarekin harremandutako bestelako jarduerak sortu eta antolatzearekin interesaturiko erakunde, profesional eta pertsonak biltzeko gune irekia da: interpretatzaileak (musikariak, zuzendariak, aktoreak,...), irakasleak, programatzaileak, kudeatzaileak, musika ikasleak eta abar; eta baita ikuslegoa ere.","El Encuentro ROCE 2014 es un espacio abierto para reunir a instituciones, entidades, profesionales y personas interesadas en la creación y organización de conciertos didácticos y otras acciones","El ROCE 2014 es un espacio abierto para reunir a las entidades, profesionales y personas interesadas en la creación y organización de conciertos didácticos y otras actividades relacionadas con la difusión educativa y musical: intérpretes (músicos, directores, actores...), profesores, programadores, gestores, estudiantes de música, etc. y público."
"DIANA SÁNCHEZ, programatzailea","DIANA SÁNCHEZ, programadora","DIANA SÁNCHEZ, programadora"
"Egoera horrek, eta asistentziari eta jasotako diruari buruzko azalpenak eman beharrak, leku korapilatsuan jartzen ditu programatzaileak proposamen ausartagoak kontratatzeko orduan.","Esto, sumado a la necesidad de rendir cuentas sobre la asistencia y recaudación, pone a los programadores en un lugar complicado a la hora tomar la decisión de contratar propuestas más arriesgadas.","Esta situación, y la necesidad de dar explicaciones sobre la asistencia y el dinero recibido, pone a los programadores en un lugar complicado a la hora de contratar propuestas más atrevidas."
Produkzioaren programatzailea.,Programador de la producción.,Programador de producción.
Zine programatzailea,Programadora de cine,Programador de cine
"APO33 musika esperimental erakundearen sortzailea, programatzailea artistikoa, ordenagailu bidezko soinu ikerlaria eta soinu artista da.","Fundador, programador artístico, investigador de sonido mediante computadora y artista sonoro de la organización de música experimental APO33","APO33 es el creador de música experimental, programador artístico, investigador de sonido por ordenador y artista sonoro."
"Ordutegi-programatzailea, gaueko tarifak aprobetxatzeko.","Programador horario, para aprovechar las denominadas tarifas nocturnas.",Programador de horarios para aprovechar las tarifas nocturnas.
Fabrikazio mekanikoko sistema automatizatuen programatzailea.,Programador de sistemas automatizados en fabricación mecánica.,Programador de sistemas automatizados de fabricación mecánica.
"[Diru horrekin, kazetariari, programatzaileari eta bistaratzaileari ordainduko zaie] ERANTZULEAK.","[Con este dinero se pagará al periodista, al programador y al visualizador] LOS RESPONSABLES.","[Con este dinero se abonarán al periodista, programador y visualista] RESPUESTAS."
Kategoriak Antzerki programatzaileak,Organizador de espectáculos de teatro,Categorías Programadores de Teatro
"Lantaldeetan gutxienez hiru profil egon behar dira: game designer, artista eta programatzailea.","Los equipos deben estar compuestos de al menos tres perfiles: diseñador de juegos, artista y programador/a.","En los grupos de trabajo habrá al menos tres perfiles: game designer, artista y programador."
"Bertan informatikaren erabiltzaile mota ugari bildu ziren; programatzaileak, jokuzaleak, grafistak, musikariak, linuxeroak …","Allí se reunieron toda clase de usuarios de informática, desde programadores hasta jugones, pasando por grafistas, músicos, linuxeros.","En ella se reunieron diversos tipos de usuarios informáticos; programadores, jugadores, graffitis, músicos, ..."
"Jarduerak Jarduerak informatikaria, fisikaria, programatzailea, unibertsitateko irakaslea, web developerra eta ingeniaria","Informático teórico, físico, programador, profesor universitario, desarrollador web (desde 1989) e ingeniero","Actividades Informática, Físico, programador, profesor universitario, web developer e ingeniero"
Aitzindaria izan zen konputazio-zientzien arloan eta Mark I erabili zuen lehen emakume programatzailea izan zen.,"Pionera en el mundo de las ciencias de la computación, fue la primera programadora que utilizó el Mark I.",Fue pionera en el campo de las ciencias computacionales y fue el primer programador que utilizó a Mark I.
Primer Plano sailean (zuzendari ospetsuen atzera begirakoak eta foku adierazgarriak) sartu den programaren barrenean sei saio emanen dira; Punto de Vistaren Sail Ofizialerako hautaketa batzordeko kide Guillermo G. Peydró zinegile eta programatzaileak egin du komisario lana.,"En su octava edición, que se sección Primer Plano (Retrospectivas y focos representativos de importantes directores), incluye seis sesiones y ha sido comisariado por el cineasta y programador Guillermo G. Peydró, miembro del comité de selección de la Sección Oficial de Punto de Vista.","Dentro del programa que se ha incluido en la sección Primer Plano (retrospectivas y focos representativos) se ofrecerán seis sesiones; Guillermo G. Peydró, miembro del comité de selección para la Sección Oficial del Punto de Vista, ha sido el encargado de realizar la labor de comisario."
"Ezinezko 5 lanpostuen sailkapenean agertzen diren lanpostu zail horietan, honako hauexek ere erantsi behar dira: kudeatzaileak eta exekutiboak; finantza zein kontabilitate arloko langileak (analista finantzarioak, batez ere); idazkariak, laguntzaileak eta bulegoan laguntzeko langileak; informazioaren teknologietako langileak (garatzaileak eta programatzaileak, datu-baseetako administratzaileak eta informazioaren teknologiako kudeatzaileak); eta ekoizpeneko operadoreak.","A los puestos complicados de llenar en ese top 5 de trabajos imposibles hay que añadir a los gestores y ejecutivos; al personal financiero y contable (sobre todo analistas financieros); las secretarias, asistentes y personal de apoyo de oficina; personal de tecnologías de la información (desarrolladores y programadores, administradores de bases de datos y gestores de tecnología de la información); y operadores de producción.","En estos difíciles puestos de trabajo que aparecen en la clasificación de 5 puestos de trabajo imposibles, se añaden los gestores y ejecutivos; personal financiero y contable (anistas financieros, sobre todo), secretarias, colaboradores y personal de apoyo en la oficina; personal de tecnologías de la información (garadores y programadores, administradores de bases de datos y gestores de tecnología de la información); y operadores de producción."
"Horien artean egongo dira, besteak beste, programatzaileak, diseinatzaileak, argazkilariak edota kontulariak.","Esto incluye programadores, diseñadores, fotógrafos, contables, entre otros muchos.","Entre ellos estarán programadores, diseñadores, fotógrafos o contables."
• Produkzioaren programatzailea.,• Programador de la producción,• Programador de producción.
• Produkzioaren programatzailea.,• Programador de actividades ambientales.,• Programador de producción.
"Sariaren izena Ada Byroni (Ada Lovelaceri) eskainia dago, ingeniaritzaren historian izan den emakumerik azpimarragarrienari, ordenagailuen lehen programatzailea izan zenari, hain zuzen. Eta emakumeen eta gizonen arteko berdintasuna ere sustatu nahi du.","El Premio que está dedicado a Ada Byron (Ada Lovelace), una de las mujeres más destacadas en la historia de la ingeniería reconocida como la primera programadora de ordenadores, también quiere fomentar la igualdad de mujeres y hombres.","El premio está dedicado a Ada Byroni (Ada Lovelaceri), la mujer más destacada en la historia de la ingeniería, que fue el primer programador de ordenadores, y que quiere promover la igualdad de mujeres y hombres."
"Kultura hartan, softwarearen programatzaileak eta garatzaileak beraien artean libreki programak elkartrukatzea arrunta zen.","En dicha cultura, era común que programadores y desarrolladores de software compartieran libremente sus programas unos con otros.","En aquella cultura, el intercambio de programas libremente entre los programadores y desarrolladores del software era común."
"FSFk gainera programatzaileak kontratu zituen GNU proiektuan lan egiteko, baina garapenaren zati handi bat (eta honela jarraitzen du izaten) boluntarioek egin zuten.","La FSF también contrató programadores para contribuir a GNU, aunque una porción substantial del desarrollo fue (y continua siendo) producida por voluntarios.","La FSF había contratado además a los programadores para trabajar en el proyecto GNU, pero buena parte del desarrollo (y sigue siendo así) lo hicieron voluntarios."
"Sergio Galán interakziodiseinatzailearen eta programatzailearen zuzendaritzapean, Boombox edo soinusistema bat garatuko dugu guztion artean, eta ondoren hiriko guneren batean instalatuko dugu edonork erabil ahal dezan.","Bajo la dirección del diseñador de interacción y programador Sergio Galán, desarrollaremos de manera colaborativa un Boombox o sistema de sonido para luego instalar en un punto de la ciudad para el uso colectivo.","Bajo la dirección del interactivo y programador Sergio Galán, desarrollaremos entre todos un Boombox o sistema sonoro, y luego lo instalaremos en alguna de las zonas de la ciudad para que pueda ser utilizado por cualquiera."
Bideojoko programatzaileak,Programadores de videojuegos,Programadores de videojuegos
"Punto de Vistaren atzean, abian jarri zenetik, Carlos Mugiro dugu, zinemazale amorratua, zinema hainbat ikuspegitik bizi duena: programatzailearen, gionistaren edo ikuslearen ikuspegitik.","Detrás de Punto de Vista está desde sus inicios Carlos Mugiro, un apasionado del cine que lo disfruta en múltiples facetas, como programador, como guionista o como espectador.","Detrás del Punto de Vista, desde su puesta en marcha, tenemos a Carlos Mugiro, un apasionado cinéfilo que vive el cine desde diferentes puntos de vista: desde el punto de vista del programador, guionista o espectador."
"Iparraldeko kantua eta musika munduko eragileen errepertorioa kategoriatan sailkatuak (taldeak, kantariak, programatzaileak, formatzaileak, baliabide zentroak...).","Todo un repertorio de actores del canto y de la música vasca de Iparralde (grupos de cantantes, programadores, centros de recursos...). Más información [+]","El canto del Norte y el repertorio de los agentes musicales del mundo están clasificados en categorías (grupos, cantantes, programadores, formadores, centros de recursos...)."
"Javi Pez, P3z edo Elektropez konpositore, produktore, musikari, disc jockey eta ekitalde programatzailea (Etxekalde, Elektronikaldia) da.","Javi Pez, P3z o Elektropez es compositor, productor, músico, disc jockey y programador de eventos (Etxekalde, Elektronikaldia).","Javi Pez, P3z o Electropez es compositor, productor, músico, disc jockey y equipo programador (Etxekalde, Electrónica)."
"SEO eta programatzaileak. Nvivo-ko tipoa, Carlos Sánchez.","SEO y programadores, de la mano del creador de Nvivo, Carlos Sánchez.","SEO y programadores, el tipo de Nvivo, Carlos Sánchez."
Dock Of The Bay jaialdian ikusi ahal izan genuen Mursego ardatz duen “Invisible” film sailkaezinaren zuzendari da Victor Iriarte. Baita Tabakalerako programatzailea ere.,"Víctor Iriarte es el director de ""Invisible"", película inclasificable alrededor de la figura de Mursego, que pasó por el festival También es el programador de Tabakalera.","Víctor Iriarte es el director de la incompetente película de Mursego, con el eje de Dock Of The Bay, y el programador de Tabakalera."
"""Bideojoko programatzaileak"" kategoriako artikuluak",Páginas en la categoría «Programas de televisión sobre videojuegos»,"Artículos de la categoría ""Programadores de vídeo"""
Produkzioaren programatzailea.,Programadora o Programador de la producción.,Programador de producción.
"Alderdi teknikoan, informatikari eta programatzaileak dira izar nagusiak: tresna zein hizkuntza ugariz baliatuz (php, html eta Javascript, besteak beste), nabigazioa eta elkarreraginkortasuna errazteko baliabideak integratzen dituzte, merkataritzako transakzioak “atsegin” eta ziurragoak izan daitezen.","En la parte técnica, las grandes estrellas son informáticos y programadores, encargados de construir e integrar, a través de los diferentes lenguajes (php, html, Javascript, entre otros) y herramientas, recursos que faciliten la navegación, la interactividad y la hagan más “amigable” y segura, en términos de transacciones comerciales.","En el aspecto técnico, las principales estrellas son las informáticas y programadoras: a través de múltiples herramientas y lenguas (php, html y Javascript, entre otras), integran recursos para facilitar la navegación y la interacción, con el fin de que las transacciones comerciales sean más favorables y seguras."
Aplikazioen programatzailea (28),Programador de aplicaciones (28),Programador de aplicaciones (28)
Historiako lehenengo programatzailea izan zen… emakumezkoa!,Por esti El primer programador de la historia fue… ¡una programadora!,Fue el primer programador de la historia... ¡mujer!
"Kategoria:Bideojoko programatzaileak - Wikipedia, entziklopedia askea. Laguntza","Categoría:Programas de televisión sobre videojuegos - Wikipedia, la enciclopedia libre","Categoría: Programadores de videojuegos - Wikipedia, enciclopedia libre. Ayuda"
"1960 eta 1970eko hamarkadan softwarea ez zen produktu bat kontsideratzen, garai hartako konputagailu handien saltzaileek (mainframes izenekoak) beren erosleei ematen zien eranskin bat bezala baizik, ondoren hauek erabili ahal izateko.[2] Kultura hartan, softwarearen programatzaileak eta garatzaileak beraien artean libreki programak elkartrukatzea arrunta zen.","Índice HistoriaEditar Artículos los años 1960 y 1970, el software no se consideraba un producto sino un añadido que los vendedores de las grandes computadoras de la época (las mainframes)[7] aportaban a sus clientes para que estos pudieran usarlas.","En la década de 1960 y 1970 el software no se consideraba un producto, sino como un aditamento que los vendedores de grandes computadoras de la época, llamados maimframes, daban a sus compradores para poder utilizarlos posteriormente.[2] En aquella cultura, el programador y desarrollador del software era común entre ellos el intercambio de programas."
Sistema diseinatzailea eta programatzailea,Diseñador y Programador Sistema,Sistema diseñador y programador
"Eta ez dadila aipatu gabe geratu, zuentzat, sorgin-artistontzat, aukera moduan ere proposatzen dugula arte-bilera hau, sortzeko prozesuan dauden lanen zatiak aurkeztu eta dokumentatu ahal izateko eta, aldi berean, programatzaileak/komisarioak gonbidatzeko, etorkizun hurbilean eskuragarri egongo diren piezak eta lanak proposatzeko haiei.","Y que no quede sin mencionar que lo proponemos también como una oportunidad para vosotrxs, sorgins-artistas, podás presentar y documentar fragmentos de trabajos en proceso de creación, y a su vez, invitar a programadorxs/comisarixs para proponerles piezas y trabajos que estarán disponibles en un futuro próximo.","Y que no quede sin mencionar que para vosotros, como brujas-artestas, proponemos también esta reunión de arte como oportunidad para presentar y documentar fragmentos de las obras en proceso de creación y, al mismo tiempo, invitar a los programadores/comisarios a proponer piezas y trabajos disponibles en el futuro próximo."
"Atal ofizialeko saridunak aukeratuko dituzte Ben Russell eta Naomi Uman zinemagileek (lehenbizikoak film onenaren Punto de Vista saria irabazi zuen 2010eko otsailean), MoMAko Josh Siegel programatzaileak eta Josep M. Català akademikoak. 2010.10.08","Los cineastas Ben Russell (ganador del premio Punto de Vista a la mejor película en febrero de 2010) y Naomi Uman serán de momento los encargados, junto con el programador del MoMA Josh Siegel y el académico Josep Mª Catalá, de decidir qué películas de Sección Oficial serán galardonadas.","Los cineastas Ben Russell y Naomi Uman (el primero ganó el Punto de Vista a la mejor película en febrero de 2010), el programador Josh Siegel de MoMA y el académico Josep M. Català.08."
